05/04/2025,10:16:01,b'Received packet: 295,38.381841,21.818036,5/4/2025,7:16:2,1.72,258.27,-7.55,6,1014.16,20.87\r\n',
05/04/2025,10:16:01,b'Received packet: 296,38.381842,21.818035,5/4/2025,7:16:3,1.06,258.27,-7.29,6,1014.13,20.91\r\n',
05/04/2025,10:16:02,b'Received packet: 297,38.381842,21.818035,5/4/2025,7:16:3,1.06,258.27,-7.82,6,1014.19,20.92\r\n',
05/04/2025,10:16:02,b'Received packet: 298,38.381843,21.818031,5/4/2025,7:16:4,0.70,258.27,-16.55,6,1015.24,21.08\r\n',
05/04/2025,10:16:03,b'Received packet: 299,38.381843,21.818031,5/4/2025,7:16:4,0.70,258.27,-5.55,6,1013.92,21.22\r\n',
05/04/2025,10:16:04,b'Received packet: 300,38.381843,21.818033,5/4/2025,7:16:5,0.70,258.27,-5.40,6,1013.90,21.29\r\n',
05/04/2025,10:16:04,b'Received packet: 301,38.381841,21.818036,5/4/2025,7:16:6,0.81,258.27,-7.35,6,1014.13,21.33\r\n',
05/04/2025,10:16:05,b'Received packet: 302,38.381841,21.818036,5/4/2025,7:16:6,0.81,258.27,-7.00,6,1014.09,21.35\r\n',
05/04/2025,10:16:05,b'Received packet: 303,38.381841,21.818037,5/4/2025,7:16:7,0.15,258.27,-10.23,6,1014.48,21.36\r\n',
05/04/2025,10:16:06,b'Received packet: 304,38.381841,21.818037,5/4/2025,7:16:7,0.15,258.27,-9.66,6,1014.41,21.52\r\n',
05/04/2025,10:16:07,b'Received packet: 305,38.381839,21.818034,5/4/2025,7:16:8,1.26,258.27,-7.24,6,1014.12,21.52\r\n',
05/04/2025,10:16:07,b'Received packet: 306,38.381838,21.818035,5/4/2025,7:16:9,0.72,258.27,-7.66,6,1014.17,21.51\r\n',
05/04/2025,10:16:08,b'Received packet: 307,38.381838,21.818035,5/4/2025,7:16:9,0.72,258.27,-7.72,6,1014.18,21.51\r\n',
05/04/2025,10:16:08,b'Received packet: 308,38.381839,21.818035,5/4/2025,7:16:10,0.09,258.27,-7.66,6,1014.17,21.54\r\n',
05/04/2025,10:16:09,b'Received packet: 309,38.381839,21.818035,5/4/2025,7:16:10,0.09,258.27,-7.30,6,1014.13,21.57\r\n',
05/04/2025,10:16:09,b'Received packet: 310,38.381839,21.818035,5/4/2025,7:16:11,0.15,258.27,-7.43,6,1014.14,21.57\r\n',
05/04/2025,10:16:10,b'Received packet: 311,38.381839,21.818035,5/4/2025,7:16:11,0.15,258.27,-7.24,6,1014.12,21.57\r\n',
05/04/2025,10:16:11,b'Received packet: 312,38.381838,21.818032,5/4/2025,7:16:12,0.33,258.27,-7.52,6,1014.15,21.61\r\n',
05/04/2025,10:16:11,b'Received packet: 313,38.381838,21.818030,5/4/2025,7:16:13,0.13,258.27,-7.45,6,1014.14,21.63\r\n',
05/04/2025,10:16:12,b'Received packet: 314,38.381838,21.818030,5/4/2025,7:16:13,0.13,258.27,-7.67,6,1014.17,21.65\r\n',
05/04/2025,10:16:12,b'Received packet: 315,38.381837,21.818030,5/4/2025,7:16:14,0.11,258.27,-7.72,6,1014.15,21.68\r\n',
05/04/2025,10:16:13,b'Received packet: 316,38.381837,21.818030,5/4/2025,7:16:14,0.11,258.27,-7.58,6,1014.16,21.70\r\n',
05/04/2025,10:16:14,b'Received packet: 317,38.381838,21.818030,5/4/2025,7:16:15,0.37,258.27,-7.53,6,1014.16,21.70\r\n',
05/04/2025,10:16:14,b'Received packet: 318,38.381836,21.818031,5/4/2025,7:16:16,0.07,258.27,-8.52,6,1014.27,21.71\r\n',
05/04/2025,10:16:15,b'Received packet: 319,38.381836,21.818031,5/4/2025,7:16:16,0.07,258.27,-14.67,6,1015.01,21.78\r\n',
05/04/2025,10:16:15,b'Received packet: 320,38.381831,21.818032,5/4/2025,7:16:17,2.30,221.72,-8.04,6,1014.22,21.79\r\n',
05/04/2025,10:16:16,b'Received packet: 321,38.381831,21.818032,5/4/2025,7:16:17,2.30,221.72,-8.88,6,1014.32,21.87\r\n',
05/04/2025,10:16:17,b'Received packet: 322,38.381829,21.818033,5/4/2025,7:16:18,0.50,221.72,-10.08,6,1014.46,21.98\r\n',
05/04/2025,10:16:17,b'Received packet: 323,38.381830,21.818031,5/4/2025,7:16:19,0.19,221.72,-9.19,6,1014.35,22.07\r\n',
05/04/2025,10:16:18,b'Received packet: 324,38.381830,21.818031,5/4/2025,7:16:19,0.19,221.72,-46.39,6,1018.83,22.21\r\n',
05/04/2025,10:16:18,b'Received packet: 325,38.381828,21.818032,5/4/2025,7:16:20,1.09,221.72,-10.32,6,1014.49,22.24\r\n',
05/04/2025,10:16:19,b'Received packet: 326,38.381828,21.818032,5/4/2025,7:16:20,1.09,221.72,-7.16,6,1014.11,22.33\r\n',
05/04/2025,10:16:19,b'Received packet: 327,38.381831,21.818035,5/4/2025,7:16:21,0.13,221.72,-8.99,6,1014.33,22.43\r\n',
05/04/2025,10:16:20,b'Received packet: 328,38.381833,21.818034,5/4/2025,7:16:22,0.35,221.72,-8.25,6,1014.24,22.57\r\n',
05/04/2025,10:16:21,b'Received packet: 329,38.381833,21.818034,5/4/2025,7:16:22,0.35,221.72,-9.41,6,1014.38,22.64\r\n',
05/04/2025,10:16:21,b'Received packet: 330,38.381832,21.818035,5/4/2025,7:16:23,0.13,221.72,-9.72,6,1014.42,22.73\r\n',
05/04/2025,10:16:22,b'Received packet: 331,38.381832,21.818035,5/4/2025,7:16:23,0.13,221.72,-10.79,6,1014.55,22.80\r\n',
05/04/2025,10:16:22,b'Received packet: 332,38.381832,21.818032,5/4/2025,7:16:24,0.28,221.72,-10.28,6,1014.49,22.86\r\n',
05/04/2025,10:16:23,b'Received packet: 333,38.381832,21.818032,5/4/2025,7:16:24,0.28,221.72,-10.50,6,1014.51,22.94\r\n',
05/04/2025,10:16:24,b'Received packet: 334,38.381834,21.818033,5/4/2025,7:16:25,0.37,221.72,-10.19,6,1014.47,22.99\r\n',
05/04/2025,10:16:24,b'Received packet: 335,38.381836,21.818032,5/4/2025,7:16:26,0.35,221.72,-10.05,6,1014.46,23.07\r\n',
05/04/2025,10:16:25,b'Received packet: 336,38.381836,21.818032,5/4/2025,7:16:26,0.35,221.72,-10.87,6,1014.56,23.19\r\n',
05/04/2025,10:16:25,b'Received packet: 337,38.381837,21.818033,5/4/2025,7:16:27,0.35,221.72,-9.49,6,1014.39,23.28\r\n',
05/04/2025,10:16:26,b'Received packet: 338,38.381837,21.818033,5/4/2025,7:16:27,0.35,221.72,-10.31,6,1014.49,23.35\r\n',
05/04/2025,10:16:27,b'Received packet: 339,38.381841,21.818031,5/4/2025,7:16:28,0.35,221.72,-9.99,6,1014.45,23.40\r\n',
05/04/2025,10:16:27,b'Received packet: 340,38.381843,21.818029,5/4/2025,7:16:29,0.13,274.89,-7.04,6,1014.10,23.42\r\n',
05/04/2025,10:16:28,b'Received packet: 341,38.381843,21.818029,5/4/2025,7:16:29,0.13,274.89,-8.45,6,1014.27,23.47\r\n',
05/04/2025,10:16:28,b'Received packet: 342,38.381844,21.818029,5/4/2025,7:16:30,0.22,274.89,-8.40,6,1014.26,23.49\r\n',
05/04/2025,10:16:30,b'Received packet: 344,38.381844,21.818028,5/4/2025,7:16:31,0.15,274.89,-8.95,6,1014.33,23.55\r\n',
05/04/2025,10:16:30,b'Received packet: 345,38.381845,21.818028,5/4/2025,7:16:32,0.07,274.89,-8.29,6,1014.25,23.45\r\n',
05/04/2025,10:16:31,b'Received packet: 346,3X.S>1845,21.:3\x18\x12\x10\x1a\x0c7/4/\xa2\n',,,,,,,,,
05/04/2025,10:16:31,b'\x92\x0f\x15\r\x03\xab.\x1a\x03\x10-0.0\xc7\x108=9.89,(m~\xf2=\xca\x9c&1014.30,23.44\r\n',,,,,,,,,
05/04/2025,10:16:31,b'Received packet: 347,38.3\x081\rg0,21.818028,5/4/2025\x0c\x15Z12:33,0.17,274.89,-8.63,6,30\x116.29|2c.18\r\n',,,
05/04/2025,10:16:32,b'Received packet: 348,38.381845,21.818028,5/4/2025,7:16:33,0.17,274.89,-9.33,6,1014.37,23.53\r\n',
05/04/2025,10:16:32,b'Received packet: 349,38.381846,21.818028,5/4/2025,7:16:34,0.70,274.89,-9.52,6,1014.39,23.64\r\n',
05/04/2025,10:16:33,b'Received packet: 350,38.381844,21.818025,5/4/2025,7:16:35,1.44,274.89,-9.30,6,1014.37,23.77\r\n',
05/04/2025,10:16:34,b'Received packet: 351,38.381844,21.818025,5/4/2025,7:16:35,1.44,274.89,-9.71,6,1014.42,23.87\r\n',
05/04/2025,10:16:34,b'Received packet: 352,38.381843,21.818024,5/4/2025,7:16:36,0.57,274.89,-9.46,6,1014.39,23.97\r\n',
05/04/2025,10:16:35,b'Received packet: 353,38.381843,21.818024,5/4/2025,7:16:36,0.57,274.89,-9.32,6,1014.37,24.06\r\n',
05/04/2025,10:16:36,b'Received packet: 355,38.381842,21.818023,5/4/2025,7:16:37,0.26,274.89,-6.58,6,1014.04,24.12\r\n',
05/04/2025,10:16:37,b'Received packet: 356,38.381841,21.818023,5/4/2025,7:16:38,0.09,274.89,-8.91,6,1014.32,24.14\r\n',
05/04/2025,10:16:37,b'Received packet: 357,38.381841,21.818023,5/4/2025,7:16:39,0.15,274.89,-6.80,6,1014.07,24.14\r\n',
05/04/2025,10:16:38,b'Received packet: 358,38.381841,21.818023,5/4/2025,7:16:39,0.15,274.89,-6.64,6,1014.05,24.18\r\n',
05/04/2025,10:16:38,b'Received packet: 359,38.381841,21.818023,5/4/2025,7:16:40,0.19,274.89,-6.72,6,1014.06,24.23\r\n',
05/04/2025,10:16:39,b'Received packet: 360,38.381841,21.818023,5/4/2025,7:16:40,0.19,274.89,-7.34,6,1014.13,24.26\r\n',
05/04/2025,10:16:40,b'Received packet: 361,38.381842,21.818023,5/4/2025,7:16:41,0.19,274.89,-6.84,6,1014.07,6,`h\r\n'
05/04/2025,10:16:40,b'Received packet: 362,38.381843,21.818023,5/4/2025,7:16:42,0.15,274.89,-6.89,6,1014.08,24.33\r\n',
05/04/2025,10:16:41,b'Received packet: 363,38.381843,21.818023,5/4/2025,7:16:42,0.15,274.89,-8.62,6,1014.29,24.33\r\n',
05/04/2025,10:16:41,b'Received packet: 364,38.381844,21.818023,5/4/2025,7:16:43,0.15,274.89,-8.88,6,1014.32,24.41\r\n',
05/04/2025,10:16:42,b'Received packet: 365,38.381844,21.818023,5/4/2025,7:16:43,0.15,274.89,-9.01,6,1014.33,24.46\r\n',
05/04/2025,10:16:42,b'Received packet: 366,38.381844,21.818024,5/4/2025,7:16:44,0&\xb15,274.89,-8.34,6,1014.25,24.54\r\n',
05/04/2025,10:16:43,b'Received packet: 367,38.381845,21.818025,5/4/2025,7:16:45,0.30,274.89,-6.46,6,1014.03,24.61\r\n',
05/04/2025,10:16:44,b'Received packet: 368,38.381845,21.818025,5/4/2025,7:16:45,0.30,274.89,-6.16,6,1013.99,24.66\r\n',
05/04/2025,10:16:44,b'Received packet: 369,38.381845,21.818024,5/4/2025,7:16:46,0.00,274.89,-6.15,6,1013.99,24.73\r\n',
05/04/2025,10:16:45,b'Received packet: 370,38.381845,21.818024,5/4/2025,7:16:46,0.00,274.89,-6.29,6,1014.01,24.80\r\n',
05/04/2025,10:16:45,b'Received packet: 371,38.381844,21.818024,5/4/2025,7:16:47,0.26,274.89,-6.24,6,1014.00,24.86\r\n',
05/04/2025,10:16:46,b'Received packet: 372,38.381844,21.818024,5/4/2025,7:16:47,0.26,274.89,-8.50,6,1014.27,24.90\r\n',
05/04/2025,10:16:47,b'Received packet: 373,38.381844,21.818023,5/4/2025,7:16:48,0.26,274.89,-15.07,6,1015.06,24.98\r\n',
05/04/2025,10:16:47,b'Received packet: 374,38.381845,21.818029,5/4/2025,7:16:49,2.69,274.89,-5.65,6,1013.93,24.87\r\n',
05/04/2025,10:16:48,b'Received packet: 375,38.381845,21.818029,5/4/2025,7:16:49,2.69,274.89,-5.29,6,1013.89,24.75\r\n',
05/04/2025,10:16:48,b'Received packet: 376,38.381846,21.818028,5/4/2025,7:16:50,0.17,274.89,-5.37,6,1013.90,24.70\r\n',
05/04/2025,10:16:49,b'Received packet: 377,38.381846,21.818028,5/4/2025,7:16:50,0.17,274.89,-5.51,6,1013.91,24.61\r\n',
05/04/2025,10:16:50,b'Received packet: 378,38.381848,21.818028,5/4/2025,7:16:51,0.24,274.89,-5.27,7,1013.88,24.56\r\n',
05/04/2025,10:16:50,b'Received packet: 379,38.381849,21.818029,5/4/2025,7:16:52,0.17,274.89,-5.27,7,1013.88,24.47\r\n',
05/04/2025,10:16:51,b'Received packet: 380,38.381849,21.818029,5/4/2025,7:16:52,0.17,274.89,-5.85,7,1013.95,24.43\r\n',
05/04/2025,10:16:51,b'Received packet: 381,38.381847,21.818027,5/4/2025,7:16:53,1.00,274.89,-16.84,7,1015.27,24.56\r\n',
05/04/2025,10:16:52,b'Received packet: 382,38.381847,21.818027,5/4/2025,7:16:53,1.00,274.89,-15.74,7,1015.14,24.66\r\n',
05/04/2025,10:16:54,b'Received packet: 385,38.381843,21.818029,5/4/2025,7:16:55,0.65,274.89,-11.39,7,1014.62,24.85\r\n',
05/04/2025,10:16:54,b'Received packet: 386,38.381846,21.818030,5/4/2025,7:16:56,1.70,274.89,-14.20,7,1014.96,24.92\r\n',
05/04/2025,10:16:55,b'Received packet: 387,38.381846,21.818030,5/4/2025,7:16:56,1.70,274.89,-12.18,7,1014.73,24.94\r\n',
05/04/2025,10:16:56,b'Received packet: 389,38.381846,21.818028,5/4/2025,7:16:58,0.83,274.89,-6.93,7,1014.08,25.04\r\n',
05/04/2025,10:16:57,b'Received packet: 390,38.381846,21.818028,5/4/2025,7:16:58,0.83,274.89,-8.40,7,1014.26,25.06\r\n',
05/04/2025,10:16:57,b'Received packet: 391,38.381845,21.818027,5/4/2025,7:16:59,0.63,274.89,-13.90,7,1014.92,25.11\r\n',
05/04/2025,10:16:58,b'Received packet: 392,38.381845,21.818027,5/4/2025,7:16:59,0.63,274.89,-14.07,7,1014.94,25.11\r\n',
05/04/2025,10:16:58,b'Received packet: 393,38.381845,21.818027,5/4/2025,7:17:0,0.28,274.89,-15.84,7,1015.15,25.13\r\n',
05/04/2025,10:17:01,b'Received packet: 398,38.381845,21.818033,5/4/2025,7:17:3,2.11,274.89,-3.24,7,1013.64,25.26\r\n',
05/04/2025,10:17:03,b'Received packet: 401,38.381866,21.818059,5/4/2025,7:17:5,6.48,33.44,-6.71,7,1014.06,25.13\r\n',
05/04/2025,10:17:04,b'Received packet: 402,38.381866,21.818059,5/4/2025,7:17:5,6.48,33.44,-1.90,3,qT\x9d\x95"48,25.01\r\n',
05/04/2025,10:17:04,b'Received packet: 403,38.381879,21.818068,5/4/2025,7:17:6,5.67,31.23,-8.70,7,1014.30,25.21\r\n',
05/04/2025,10:17:05,b'Received packet: 404,38.381879,21.818068,5/4/2025,7:17:6,5.67,31.23,-5.45,7,1013.90,25.16\r\n',
05/04/2025,10:17:05,b'Received packet: 405,38.381898,21.818073,5/4/2025,7:17:7,7.48,23.05,-5.23,7,1013.88,25.05\r\n',
05/04/2025,10:17:06,b'Received packet: 406,38.381921,21.818068,5/4/2025,7:17:8,9.11,359.31,-5.58,7,1013.92,24.96\r\n',
05/04/2025,10:17:07,b'Received packet: 407,38.381921,21.818068,5/4/2025,7:17:8,9.11,359.31,-5.12,7,1013.86,24.90\r\n',
05/04/2025,10:17:07,b'Received packet: 408,38.381944,21.818057,5/4/2025,7:17:9,9.63,342.71,-5.58,7,1013.92,24.84\r\n',
05/04/2025,10:17:08,b'Received packet: 409,38.381944,21.818057,5/4/2025,7:17:9,9.63,342.71,-5.21,7,1013.88,24.75\r\n',
05/04/2025,10:17:09,b'Received packet: 411,38.381967,21.818052,5/4/2025,7:17:10,9.13,345.36,-5.85,7,1013.95,24.56\r\n',
05/04/2025,10:17:10,b'Received packet: 412,38.381990,21.818056,5/4/2025,7:17:11,9.37,359.81,-4.71,7,1013.82,24.67\r\n',
05/04/2025,10:17:10,b'Received packet: 413,38.382014,21.818057,5/4/2025,7:17:12,9.19,359.96,-5.16,7,1013.87,24.54\r\n',
05/04/2025,10:17:11,b'Received packet: 414,38.382014,21.818057,5/4/2025,7:17:12,9.19,359.96,-5.00,7,1013.85,24.45\r\n',
05/04/2025,10:17:11,b'Received packet: 415,38.382031,21.818061,5/4/2025,7:17:13,6.91,2.88,-4.92,7,1013.84,24.40\r\n',
05/04/2025,10:17:12,b'Received packet: 416,38.382031,21.818061,5/4/2025,7:17:13,6.91,2.88,-5.01,7,1013.85,24.37\r\n',
05/04/2025,10:17:13,b'Received packet: 417,38.382046,21.818063,5/4/2025,7:17:14,6.91,2.88,-4.65,7,1013.81,24.36\r\n',
05/04/2025,10:17:13,b'Received packet: 418,38.382054,21.818067,5/4/2025,7:17:15,2.76,3.32,-4.80,7,1013.83,24.30\r\n',
05/04/2025,10:17:14,b'Received packet: 419,38.382054,21.818067,5/4/2025,7:17:15,2.76,3.32,-4.89,7,1013.84,24.26\r\n',
05/04/2025,10:17:14,b'Received packet: 420,38.382056,21.818068,5/4/2025,7:17:16,0.30,3.32,-4.88,7,1013.84,24.23\r\n',
05/04/2025,10:17:15,b'Received packet: 421,38.382056,21.818068,5/4/2025,7:17:16,0.30,3.32,-12.76,7,1014.78,24.24\r\n',
05/04/2025,10:17:15,b'Received packet: 422,38.382056,21.818067,5/4/2025,7:17:17,0.41,3.32,-4.74,7,1013.82,24.23\r\n',
05/04/2025,10:17:16,b'Received packet: 423,38.382056,21.818067,5/4/2025,7:17:18,0.07,3.32,-14.76,7,1015.02,24.24\r\n',
05/04/2025,10:17:17,b'Received packet: 424,38.382056,21.818067,5/4/2025,7:17:18,0.07,3.32,-13.69,7,1014.90,24.32\r\n',
05/04/2025,10:17:17,b'Received packet: 425,38.382057,21.818067,5/4/2025,7:17:19,0.17,3.32,-12.75,7,1014.78,24.37\r\n',
05/04/2025,10:17:18,b'Received packet: 426,38.382057,21.818067,5/4/2025,7:17:19,0.17,3.32,-11.97,7,1014.68,24.40\r\n',
05/04/2025,10:17:18,b'Received packet: 427,38.382051,21.818068,5/4/2025,7:17:20,2.41,3.32,-7.32,7,1014.13,24.38\r\n',
05/04/2025,10:17:19,b'Received packet: 428,38.382051,21.818068,5/4/2025,7:17:20,2.41,3.32,-4.77,7,1013.82,24.34\r\n',
05/04/2025,10:17:20,b'Received packet: 429,38.382051,21.818068,5/4/2025,7:17:21,0.09,3.32,-4.50,7,1013.79,24.28\r\n',
05/04/2025,10:17:20,b'Received packet: 430,38.382053,21.818067,5/4/2025,7:17:22,0.31,3.32,-4.53,7,1013.79,24.22\r\n',
05/04/2025,10:17:21,b'Received packet: 431,38.382053,21.818067,5/4/2025,7:17:22,0.31,3.32,-4.84,7,1013.83,24.17\r\n',
05/04/2025,10:17:21,b'Received packet: 432,38.382053,21.818067,5/4/2025,7:17:23,0.07,3.32,-5.15,7,1013.87,24.14\r\n',
05/04/2025,10:17:22,b'Received packet: 433,38.382053,21.818067,5/4/2025,7:17:23,0.07,3.32,-4.81,7,1013.83,24.12\r\n',
05/04/2025,10:17:23,b'Received packet: 434,38.382054,21.818067,5/4/2025,7:17:24,0.07,3.32,-5.13,7,1013.87,24.10\r\n',
05/04/2025,10:17:23,b'Received packet: 435,38.382054,21.818067,5/4/2025,7:17:25,0.13,3.32,-7.83,7,1014.19,24.07\r\n',
05/04/2025,10:17:24,b'Received packet: 436,38.382054,21.818067,5/4/2025,7:17:25,0.13,3.32,-5.03,7,1013.85,24.06\r\n',
05/04/2025,10:17:24,b'Received packet: 437,38.382056,21.818067,5/4/2025,7:17:26,0.07,3.32,-5.94,7,1013.96,24.03\r\n',
05/04/2025,10:17:25,b'Received packet: 438,38.382056,21.818067,5/4/2025,7:17:26,0.07,3.32,-9.89,7,1014.44,24.04\r\n',
05/04/2025,10:17:25,b'Received packet: 439,38.382056,21.818067,5/4/2025,7:17:27,0.39,3.32,-7.39,8,1014.14,24.07\r\n',
05/04/2025,10:17:26,b'Received packet: 440,38.382056,21.818068,5/4/2025,7:17:28,0.20,3.32,-5.05,8,1013.86,24.04\r\n',
05/04/2025,10:17:27,b'Received packet: 441,38.382056,21.818068,5/4/2025,7:17:28,0.20,3.32,-5.21,8,1013.88,24.00\r\n',
05/04/2025,10:17:27,b'Received packet: 442,38.382056,21.818069,5/4/2025,7:17:29,0.06,3.32,-5.06,8,1013.86,23.97\r\n',
05/04/2025,10:17:28,b'Received packet: 443,38.382056,21.818069,5/4/2025,7:17:29,0.06,3.32,-4.75,8,1013.82,23.94\r\n',
05/04/2025,10:17:28,b'Received packet: 444,38.382059,21.818070,5/4/2025,7:17:30,0.44,3.32,-5.21,8,1013.88,23.90\r\n',
05/04/2025,10:17:29,b'Received packet: 445,38.382059,21.818070,5/4/2025,7:17:30,0.44,3.32,-4.96,8,1013.85,23.86\r\n',
05/04/2025,10:17:30,b'Received packet: 446,38.382055,21.818069,5/4/2025,7:17:31,2.13,269.38,-10.65,8,1014.53,23.90\r\n',
05/04/2025,10:17:30,b'Received packet: 447,38.382055,21.818068,5/4/2025,7:17:32,0.09,269.38,-9.85,8,1014.43,23.97\r\n',
05/04/2025,10:17:31,b'Received packet: 448,38.382055,21.818068,5/4/2025,7:17:32,0.09,269.38,-9.81,8,1014.43,23.99\r\n',
05/04/2025,10:17:31,b'Received packet: 449,38.382055,21.818069,5/4/2025,7:17:33,0.24,269.38,-8.60,8,1014.28,23.97\r\n',
05/04/2025,10:17:32,b'Received packet: 450,38.382055,21.818069,5/4/2025,7:17:33,0.24,269.38,-5.23,8,1013.88,23.88\r\n',
05/04/2025,10:17:33,b'Received packet: 451,38.382060,21.818068,5/4/2025,7:17:34,0.24,269.38,-5.02,8,1013.85,23.80\r\n',
05/04/2025,10:17:33,b'Received packet: 452,38.382062,21.818069,5/4/2025,7:17:35,0.07,269.38,-5.58,8,1013.92,23.78\r\n',
05/04/2025,10:17:34,b'Received packet: 453,38.382062,21.818069,5/4/2025,7:17:35,0.07,269.38,-7.38,8,1014.14,23.80\r\n',
05/04/2025,10:17:34,b'Received packet: 454,38.382065,21.818068,5/4/2025,7:17:36,1.44,292.26,-10.29,8,1014.49,23.82\r\n',
05/04/2025,10:17:35,b'Received packet: 455,38.382065,21.818068,5/4/2025,7:17:36,1.44,292.26,-10.03,8,1014.46,23.85\r\n',
05/04/2025,10:17:36,b'Received packet: 456,38.382067,21.818068,5/4/2025,7:17:37,0.06,292.26,-9.86,8,1014.43,23.86\r\n',
05/04/2025,10:17:36,b'Received packet: 457,38.382068,21.818068,5/4/2025,7:17:38,0.07,292.26,-9.78,8,1014.43,23.87\r\n',
05/04/2025,10:17:37,b'Received packet: 458,38.382068,21.818068,5/4/2025,7:17:38,0.07,292.26,-5.04,8,1013.86,23.87\r\n',
05/04/2025,10:17:37,b'Received packet: 459,38.382068,21.818068,5/4/2025,7:17:39,0.06,292.26,-9.60,8,1014.40,23.80\r\n',
05/04/2025,10:17:38,b'Received packet: 460,38.382068,21.818068,5/4/2025,7:17:39,0.06,292.26,-4.66,8,1013.81,23.79\r\n',
05/04/2025,10:17:38,b'Received packet: 461,38.382067,21.818068,5/4/2025,7:17:40,0.43,292.26,-5.04,8,1013.87,23.72\r\n',
05/04/2025,10:17:39,b'Received packet: 46\x92,3h\xae382067,21.81806<,5/4\xaf2025,7:17:80,`"43,292"26,-5.48,8,1013.91,R3.62\r\n',
05/04/2025,10:17:40,b'Received packet: 463,38.382068,21.818068,5/4/2025,7:17:41,0.41,292.26,-5.42,8,1013.90,23.54\r\n',
05/04/2025,10:17:40,b'Received packet: 464,38.382068,21.818068,5/4/2025,7:17:42,0.17,292.26,-5.38,8,1013.90,23.50\r\n',
05/04/2025,10:17:41,b'Received packet: 465,38.382068,21.818068,5/4/2025,7:17:42,0.17,292.26,-5.31,8,1013.89,23.48\r\n',
05/04/2025,10:17:41,b'Received packet: 466,38.382068,21.818068,5/4/2025,7:17:43,0.09,292.26,-5.68,8,1013.93,23.48\r\n',
05/04/2025,10:17:42,b'Received packet: 467,38.382068,21.818068,5/4/2025,7:17:43,0.09,292.26,-5.71,8,1013.94,23.45\r\n',
05/04/2025,10:17:43,b'Received packet: 468,38.382068,21.818068,5/4/2025,7:17:44,0.28,292.26,-5.25,8,1013.88,23.41\r\n',
05/04/2025,10:17:43,b'Received packet: 469,38.382069,21.818069,5/4/2025,7:17:45,0.00,292.26,-5.53,8,1013.91,23.38\r\n',
05/04/2025,10:17:44,b'Received packet: 470,38.382069,21.818069,5/4/2025,7:17:45,0.00,292.26,-5.37,8,1013.89,23.34\r\n',
05/04/2025,10:17:44,b'Received packet: 471,38.382069,21.818067,5/4/2025,7:17:46,0.37,292.26,-5.57,8,1013.92,23.32\r\n',
05/04/2025,10:17:45,b'Received packet: 472,38.382069,21.818067,5/4/2025,7:17:46,0.37,292.26,-5.56,8,1013.92,23.31\r\n',
05/04/2025,10:17:46,b'Received packet: 473,38.382069,21.818067,5/4/2025,7:17:47,0.04,292.26,-5.50,8,1013.91,23.27\r\n',
05/04/2025,10:17:46,b'Received packet: 474,38.382070,21.818066,5/4/2025,7:17:48,0.04,292.26,-6.03,8,1013.97,23.22\r\n',
05/04/2025,10:17:47,b'Received packet: 475,38.382070,21.818066,5/4/2025,7:17:48,0.04,292.26,-5.88,8,1013.96,23.17\r\n',
05/04/2025,10:17:47,b'Received packet: 476,38.382073,21.818066,5/4/2025,7:17:49,0.22,292.26,-5.53,8,1013.91,23.17\r\n',
05/04/2025,10:17:48,b'Received packet: 477,38.382073,21.818066,5/4/2025,7:17:49,0.22,292.26,-5.92,8,1013.96,23.15\r\n',
05/04/2025,10:17:48,b'Received packet: 478,38.382074,21.818066,5/4/2025,7:17:50,0.31,292.26,-6.35,8,1014.01,23.13\r\n',
05/04/2025,10:17:49,b'Received packet: 479,38.382074,21.818066,5/4/2025,7:17:51,0.35,292.26,-6.18,8,1013.99,23.09\r\n',
05/04/2025,10:17:50,b'Received packet: 480,38.382074,21.818066,5/4/2025,7:17:51,0.35,292.26,-6.07,8,1013.98,23.04\r\n',
05/04/2025,10:17:50,b'Received packet: 481,38.382073,21.818066,5/4/2025,7:17:52,0.20,292.26,-6.28,8,1014.00,22.97\r\n',
05/04/2025,10:17:51,b'Received packet: 482,38.382073,21.818066,5/4/2025,7:17:52,0.20,292.26,-6.43,8,1014.02,22.93\r\n',
05/04/2025,10:17:51,b'Received packet: 483,38.382075,21.818066,5/4/2025,7:17:53,0.35,292.26,-6.08,8,1013.98,22.92\r\n',
05/04/2025,10:17:52,b'Received packet: 484,38.382075,21.818066,5/4/2025,7:17:53,0.35,292.26,-6.36,8,1014.01,22.89\r\n',
05/04/2025,10:17:53,b'Received packet: 485,38.382076,21.818066,5/4/2025,7:17:54,0.20,292.26,-6.13,8,1013.99,22.90\r\n',
05/04/2025,10:17:53,b'Received packet: 486,38.382077,21.818065,5/4/2025,7:17:55,0.39,292.26,-6.06,8,1013.98,22.89\r\n',
05/04/2025,10:17:54,b'Received packet: 487,38.382077,21.818065,5/4/2025,7:17:55,0.39,292.26,-6.24,8,1014.00,22.86\r\n',
05/04/2025,10:17:54,b'Received packet: 488,38.382077,21.818064,5/4/2025,7:17:56,0.17,292.26,-5.87,8,1013.95,22.83\r\n',
05/04/2025,10:17:55,b'Received packet: 489,38.382077,21.818064,5/4/2025,7:17:56,0.17,292.26,-5.68,8,1013.93,22.82\r\n',
05/04/2025,10:17:56,b'Received packet: 490,38.382076,21.818064,5/4/2025,7:17:57,0.26,292.26,-5.86,8,1013.95,22.80\r\n',
05/04/2025,10:17:56,b'Received packet: 491,38.382077,21.818064,5/4/2025,7:17:58,0.44,292.26,-5.99,8,1013.97,22.78\r\n',
05/04/2025,10:17:57,b'Received packet: 492,38.382077,21.818064,5/4/2025,7:17:58,0.44,292.26,-6.06,8,1013.98,22.75\r\n',
05/04/2025,10:17:57,b'Received packet: 493,38.382076,21.818064,5/4/2025,7:17:59,0.17,292.26,-6.11,8,1013.98,22.71\r\n',
05/04/2025,10:17:58,b'Received packet: 494,38.382076,21.818064,5/4/2025,7:17:59,0.17,292.26,-6.35,8,1014.01,22.71\r\n',
05/04/2025,10:17:59,b'Received packet: 495,38.382076,21.818064,5/4/2025,7:18:0,0.26,292.26,-5.88,8,1013.96,22.68\r\n',
05/04/2025,10:17:59,b'Received packet: 496,38.382078,21.818062,5/4/2025,7:18:1,0.07,292.26,-6.52,8,1014.03,22.67\r\n',
05/04/2025,10:18:00,b'Received packet: 497,38.382078,21.818062,5/4/2025,7:18:1,0.07,292.26,-6.05,8,1013.98,22.63\r\n',
05/04/2025,10:18:00,b'Received packet: 498,38.382077,21.818062,5/4/2025,7:18:2,0.09,292.26,-6.03,8,1013.97,22.62\r\n',
05/04/2025,10:18:01,b'Received packet: 499,38.382077,21.818062,5/4/2025,7:18:2,0.09,292.26,-8.09,8,1014.22,22.64\r\n',
05/04/2025,10:18:01,b'Received packet: 500,38.382077,21.818062,5/4/2025,7:18:3,0.09,292.26,-6.93,8,1014.08,22.69\r\n',
05/04/2025,10:18:02,b'Received packet: 501,38.382077,21.818062,5/4/2025,7:18:4,0.13,292.26,-9.25,8,1014.36,22.76\r\n',
05/04/2025,10:18:03,b'Received packet: 502,38.382077,21.818062,5/4/2025,7:18:4,0.13,292.26,-9.89,8,1014.44,22.81\r\n',
05/04/2025,10:18:03,b'Received packet: 503,38.382077,21.818062,5/4/2025,7:18:5,0.06,292.26,-8.81,8,1014.31,22.85\r\n',
05/04/2025,10:18:04,b'Received packet: 504,38.382077,21.818062,5/4/2025,7:18:5,0.06,292.26,-8.45,8,1014.27,22.88\r\n',
05/04/2025,10:18:04,b'Received packet: 505,38.382077,21.818063,5/4/2025,7:18:6,0.09,292.26,-8.63,8,1014.29,22.91\r\n',
05/04/2025,10:18:05,b'Received packet: 506,38.382077,21.818063,5/4/2025,7:18:6,0.09,292.26,-8.00,8,1014.21,22.95\r\n',
05/04/2025,10:18:06,b'Received packet: 507,38.382077,21.818063,5/4/2025,7:18:7,0.19,292.26,-8.34,8,1014.26,22.97\r\n',
05/04/2025,10:18:06,b'Received packet: 508,38.382077,21.818062,5/4/2025,7:18:8,0.09,292.26,-8.01,8,1014.21,22.99\r\n',
05/04/2025,10:18:07,b'Received packet: 509,38.382077,21.818062,5/4/2025,7:18:8,0.09,292.26,-7.53,8,1014.15,23.01\r\n',
05/04/2025,10:18:07,b'Received packet: 510,38.382076,21.818062,5/4/2025,7:18:9,0.04,292.26,-4.88,8,1013.84,23.05\r\n',
05/04/2025,10:18:08,b'Received packet: 511,38.382076,21.818062,5/4/2025,7:18:9,0.04,292.26,-6.25,8,1014.00,23.06\r\n',
05/04/2025,10:18:09,b'Received packet: 512,38.382076,21.818062,5/4/2025,7:18:10,0.06,292.26,-7.14,8,1014.11,23.06\r\n',
05/04/2025,10:18:09,b'Received packet: 513,38.382076,21.818063,5/4/2025,7:18:11,0.06,292.26,-5.60,8,1013.92,23.07\r\n',
05/04/2025,10:18:10,b'Received packet: 514,38.382076,21.818063,5/4/2025,7:18:11,0.06,292(26,-5.11,8,1013.86,23.08\r\n',
05/04/2025,10:18:10,b'Received packet: 515,38.382076,21.818063,5/4/2025,7:18:12,0.22,292.26,-4.24,8,1013.76,23.09\r\n',
05/04/2025,10:18:11,b'Received packet: 516,38.382076,21.818063,5/4/2025,7:18:12,0.22,292.26,-3.14,8,1013.63,23.09\r\n',
05/04/2025,10:18:11,b'Received packet: 517,38.382075,21.818063,5/4/2025,7:18:13,0.15,292.26,-2.40,8,1013.54,23.05\r\n',
05/04/2025,10:18:12,b'Received packet: 518,38.382074,21.818063,5/4/2025,7:18:14,0.48,292.26,-1.74,8,1013.46,23.03\r\n',
05/04/2025,10:18:13,b'Received packet: 519,38.382074,21.818063,5/4/2025,7:18:14,0.48,292.26,-2.15,8,1013.51,23.06\r\n',
05/04/2025,10:18:13,b'Received packet: 520,38.382073,21.818064,5/4/2025,7:18:15,0.28,292.26,1.04,8,1013.12,23.04\r\n',
05/04/2025,10:18:14,b'Received packet: 521,38.382073,21.818064,5/4/2025,7:18:15,0.28,292.26,-6.42,8,1014.02,23.03\r\n',
05/04/2025,10:18:14,b'Received packet: 522,38.382073,21.818062,5/4/2025,7:18:16,0.80,292.26,-6.37,8,1014.04,22.96\r\n',
05/04/2025,10:18:15,b'Received packet: 523,38.382073,21.818062,5/4/2025,7:18:16,0.80,292.26,-6.13,8,1013.99,22.92\r\n',
05/04/2025,10:18:16,b'Received packet: 524,38.382072,21.818063,5/4/2025,7:18:17,0.20,292.26,-6.64,8,1014.05,22.92\r\n',
05/04/2025,10:18:16,b'Received packet: 525,38.382072,21.818062,5/4/2025,7:18:18,0.04,292.26,-6.47,8,1014.03,22.86\r\n',
05/04/2025,10:18:17,b'Received packet: 526,38.382072,21.818062,5/4/2025,7:18:18,0.04,292.26,-6.47,8,1014.03,22.82\r\n',
05/04/2025,10:18:17,b'Received packet: 527,38.382071,21.818062,5/4/2025,7:18:19,0.24,292.26,-5.56,8,1013.92,22.80\r\n',
05/04/2025,10:18:18,b'Received packet: 528,38.382071,21.818062,5/4/2025,7:18:19,0.24,292.26,-5.86,8,1013.95,22.79\r\n',
05/04/2025,10:18:19,b'Received packet: 529,38.382071,21.818064,5/4/2025,7:18:20,0.19,292.26,-5.68,8,1013.93,22.76\r\n',
05/04/2025,10:18:19,b'Received packet: 530,38.382067,21.818057,5/4/2025,7:18:21,3.07,292.26,-6.57,8,1014.04,22.67\r\n',
05/04/2025,10:18:20,b'Received packet: 531,38.382067,21.818057,5/4/2025,7:18:21,3.07,292.26,-7.20,8,1014.11,22.57\r\n',
05/04/2025,10:18:20,b'Received packet: 532,38.382061,21.818060,5/4/2025,7:18:22,3.28,165.19,-18.73,8,1015.50,22.55\r\n',
05/04/2025,10:18:21,b'Received packet: 533,38.382061,21.818060,5/4/2025,7:18:22,3.28,165.19,-9.42,8,1014.38,22.62\r\n',
05/04/2025,10:18:22,b'Received packet: 534,38.382060,21.818060,5/4/2025,7:18:23,0.50,165.19,-10.04,8,1014.46,22.70\r\n',
05/04/2025,10:18:22,b'Received packet: 535,38.382063,21.818060,5/4/2025,7:18:24,0.87,165.19,-9.67,8,1014.41,22.79\r\n',
05/04/2025,10:18:23,b'Received packet: 536,38.382063,21.818060,5/4\xaf2025,7:18:24,\x00\xae87,825.1\xf9,-2p.04,8L1014+45,\x922.8?\r\n',,
05/04/2025,10:18:23,b'Received packet: 537,38.382061,21.818058,5/4/2025,7:18:25,1.48,165.19,-9.83,8,1014.43,22.89\r\n',
05/04/2025,10:18:24,b'Received packet: 538,38.382061,21.818058,5/4/2025,7:18:25,1.48,165.19,-9.74,8,1014.42,22.91\r\n',
05/04/2025,10:18:24,b'Received packet: 539,38.382060,21.818062,5/4/2025,7:18:26,0.41,165.19,-10.00,8,1014.45,22.94\r\n',
05/04/2025,10:18:25,b'Received packet: 540,38.382059,21.818058,5/4/2025,7:18:27,1.50,165.19,-10.59,8,1014.52,22.95\r\n',
05/04/2025,10:18:26,b'Received packet: 541,38.382059,21.818058,5/4/2025,7:18:27,1.50,165.19,-7.93,8,1014.20,22.95\r\n',
05/04/2025,10:18:26,b'Received packet: 542,38.382062,21.818052,5/4/2025,7:18:28,2.26,165.19,-6.48,8,1014.03,22.83\r\n',
05/04/2025,10:18:27,b'Received packet: 543,38.382062,21.818052,5/4/2025,7:18:28,2.26,165.19,-10.50,8,1014.51,22.86\r\n',
05/04/2025,10:18:27,b'Received packet: 544,38.382067,21.818054,5/4/2025,7:18:29,2.26,132.59,-10.36,8,1014.50,22.97\r\n',
05/04/2025,10:18:28,b'Received packet: 545,38.382067,21.818054,5/4/2025,7:18:29,2.26,132.59,-9.92,8,1014.44,23.05\r\n',
05/04/2025,10:18:29,b'Received packet: 546,38.382070,21.818055,5/4/2025,7:18:30,1.31,132.59,-9.73,8,1014.42,23.11\r\n',
05/04/2025,10:18:29,b'Received packet: 547,38.382073,21.818057,5/4/2025,7:18:31,0.96,132.59,-10.00,8,1014.45,23.20\r\n',
05/04/2025,10:18:30,b'Received packet: 548,38.382073,21.818057,5/4/2025,7:18:31,0.96,132.59,-10.05,8,1014.46,23.26\r\n',
05/04/2025,10:18:30,b'Received packet: 549,38.382073,21.818058,5/4/2025,7:18:32,0.19,132.59,-10.32,8,1014.49,23.33\r\n',
05/04/2025,10:18:31,b'Received packet: 550,38.382073,21.818058,5/4/2025,7:18:32,0.19,132.59,-10.30,8,1014.49,23.38\r\n',
05/04/2025,10:18:32,b'Received packet: 551,38.382073,21.818059,5/4/2025,7:18:33,0.19,132.59,-6.06,8,1013.98,23.43\r\n',
05/04/2025,10:18:32,b'Received packet: 552,38.382069,21.818061,5/4/2025,7:18:34,1.59,132.59,-6.29,8,1013.99,23.36\r\n',
05/04/2025,10:18:33,b'Received packet: 553,38.382069,21.818061,5/4/2025,7:18:34,1.59,132.59,-6.46,8,1014.03,23.07\r\n',
05/04/2025,10:18:33,b'Received packet: 554,38.382068,21.818061,5/4/2025,7:18:35,0.02,132.59,-8.06,8,1014.22,22.95\r\n',
05/04/2025,10:18:34,b'Received packet: 555,38.382068,21.818061,5/4/2025,7:18:35,0.02,132.59,-9.49,8,1014.39,23.03\r\n',
05/04/2025,10:18:35,b'Received packet: 556,38.382072,21.818061,5/4/2025,7:18:36,1.91,132.59,-9.55,8,1014.40,23.13\r\n',
05/04/2025,10:18:35,b'Received packet: 557,38.382076,21.818061,5/4/2025,7:18:37,1.44,132.59,-10.52,8,1014.51,23.19\r\n',
05/04/2025,10:18:36,b'Received packet: 558,38.382076,21.818061,5/4/2025,7:18:37,1.44,132.59,-7.60,8,1014.16,23.15\r\n',
05/04/2025,10:18:36,b'Received packet: 559,38.382078,21.818062,5/4/2025,7:18:38,0.37,132.59,-9.96,8,1014.45,23.18\r\n',
05/04/2025,10:18:37,b'Received packet: 560,38.382078,21.818062,5/4/2025,7:18:38,0.37,132.59,-9.17,8,1014.35,23.15\r\n',
05/04/2025,10:18:37,b'Received packet: 561,38.382080,21.818063,5/4/2025,7:18:39,0.04,132.59,-7.88,8,1014.20,23.19\r\n',
05/04/2025,10:18:38,b'Received packet: 562,38.382080,21.818063,5/4/2025,7:18:39,0.04,132.59,-7.81,8,1014.19,23.21\r\n',
05/04/2025,10:18:39,b'Received packet: 563,38.382080,21.818063,5/4/2025,7:18:40,0.28,132.59,-9.48,8,1014.39,23.13\r\n',
05/04/2025,10:18:39,b'Received packet: 564,38.382079,21.818061,5/4/2025,7:18:41,0.89,132.59,-9.53,8,1014.40,23.15\r\n',
05/04/2025,10:18:40,b'Received packet: 565,38.382079,21.818061,5/4/2025,7:18:41,0.89,132.59,-9.80,8,1014.43,23.24\r\n',
05/04/2025,10:18:40,b'Received packet: 566,38.382080,21.818060,5/4/2025,7:18:42,0.46,132.59,-9.31,8,1014.37,23.23\r\n',
05/04/2025,10:18:41,b'Received packet: 567,38.382080,21.818060,5/4/2025,7:18:42,0.46,132.59,-9.45,8,1014.39,23.28\r\n',
05/04/2025,10:18:42,b'Received packet: 568,38.382079,21.818061,5/4/2025,7:18:43,0.35,132.59,-9.49,8,1014.39,23.31\r\n',
05/04/2025,10:18:42,b'Received packet: 569,38.382078,21.818061,5/4/2025,7:18:44,0.07,132.59,-9.61,8,1014.42,23.35\r\n',
05/04/2025,10:18:43,b'Received packet: 570,38.382078,21.818061,5/4/2025,7:18:44,0.07,132.59,-9.49,8,1014.39,23.33\r\n',
05/04/2025,10:18:43,b'Received packet: 571,38.382078,21.818061,5/4/2025,7:18:45,0.09,132.59,-9.62,8,1014.41,23.35\r\n',
05/04/2025,10:18:44,b'Received packet: 572,38.382078,21.818061,5/4/2025,7:18:45,0.09,132.59,-9.68,8,1014.41,23.35\r\n',
05/04/2025,10:18:45,b'Received packet: 573,38.382079,21.818061,5/4/2025,7:18:46,0.13,132.59,-9.20,8,1014.36,23.38\r\n',
05/04/2025,10:18:45,b'Received packet: 574,38.382079,21.818061,5/4/2025,7:18:47,0.07,132.59,-8.82,8,1014.31,23.45\r\n',
05/04/2025,10:18:46,b'Received packet: 575,38.382079,21.818061,5/4/2025,7:18:47,0.07,132.59,-8.69,8,1014.29,23.50\r\n',
05/04/2025,10:18:46,b'Received packet: 576,38.382078,21.818060,5/4/2025,7:18:48,0.63,132.59,-9.04,8,1014.34,23.56\r\n',
05/04/2025,10:18:47,b'Received packet: 577,38.382078,21.818060,5/4/2025,7:18:48,0.63,132.59,-9.00,8,1014.33,23.61\r\n',
05/04/2025,10:18:47,b'Received packet: 578,38.382079,21.818060,5/4/2025,7:18:49,0.20,132.59,-9.01,8,1014.33,23.64\r\n',
05/04/2025,10:18:48,b'Received packet: 579,38.382080,21.818061,5/4/2025,7:18:50,0.30,132.59,-9.59,8,1014.40,23.65\r\n',
05/04/2025,10:21:14,b'Received packet: 580,38.382080,21.818061,5/4/2025,7:18:50,0.30,132.59,-9.91,8,1014.44,23.69\r\n',
05/04/2025,10:21:14,b'Received packet: 581,38.382079,21.818058,5/4/2025,7:18:51,2.17,132.59,-17.22,8,1015.32,23.78\r\n',
05/04/2025,10:21:14,b'Received packet: 582,38.382079,21.818058,5/4/2025,7:18:51,2.17,132.59,-19.27,8,1015.57,23.74\r\n',
05/04/2025,10:21:14,b'Received packet: 583,38.382075,21.818053,5/4/2025,7:18:52,3.33,173.89,-12.35,8,1014.73,23.70\r\n',
05/04/2025,10:21:14,b'Received packet: 584,38.382075,21.818053,5/4/2025,7:18:52,3.33,173.89,-8.41,8,1014.26,23.67\r\n',
05/04/2025,10:21:14,b'Received packet: 585,38.382073,21.818052,5/4/2025,7:18:53,1.98,174.18,-7.11,8,1014.10,23.65\r\n',
05/04/2025,10:21:14,b'Received packet: 586,38.382071,21.818050,5/4/2025,7:18:54,0.81,174.18,-8.95,8,1014.33,23.52\r\n',
05/04/2025,10:21:14,b'Received packet: 587,38.382071,21.818050,5/4/2025,7:18:54,0.81,174.18,-8.41,8,1014.29,23.52\r\n',
05/04/2025,10:21:14,b'Received packet: 588,38.382071,21.818049,5/4/2025,7:18:55,0.56,174.18,-8.90,8,1014.32,23.49\r\n',
05/04/2025,10:21:14,b'Received packet: 589,38.382071,21.818049,5/4/2025,7:18:55,0.56,174.18,-7.27,8,1014.12,23.51\r\n',
05/04/2025,10:21:14,b'Received packet: 592,38.382063,21.818046,5/4/2025,7:18:57,3.50,180.52,-10.79,7,1014.55,23.53\r\n',
05/04/2025,10:21:14,b"Received packet: 593,38.382050,21.818047,5/4/2025,7:18:58,3'\xa1XzR\x047.58,-16.89,8,1015.28,23.43\r\n",,
05/04/2025,10:21:14,b'Received packet: 594,38.382050,21.818047,5/4/2025,7:18:58,6.11,174.58,-13.86,8,1014.92,23.32\r\n',
05/04/2025,10:21:14,b'Received packet: 595,38.382033,21.818045,5/4/2025,7:18:59,5.26,176.43,-24.31,8,1016.17,23.25\r\n',
05/04/2025,10:21:14,b'Received packet: 596,38.384<\xf19,21.818044,5/4/2025,7:19:0,5.02,180.84,-47.41,8,\x02\x03\x02XN?6<:\x984\xf8\xf3\r\n',,
05/04/2025,10:21:14,b'Received packet: u=shg8+f82019,21.818044,5/4/2025,7:19:0,5.02,180.84,-32.95,8,1017.21,23.10\r\n',,
05/04/2025,10:21:14,b'Received packet: 600,38.381993,21.818040,5/4/2025,7:19:2,4.96,183.97,-43.68,8,1018.51,22.95\r\n',
05/04/2025,10:21:14,b'Received packet: 602,38.381978,21.818041,5/4/2025,7:19:3,5.93,181\x1e5\x00,\xed4\xfd\xe278,8,1018.29\xfc\xfe\xf9\xff\\\x07\r\n',,
05/04/2025,10:21:14,b'Received packet: 603,38.381963,21.818038,5/4/2025,7:19:4,5.39,185.60,-50.09,8,1019.28,22.78\r\n',
05/04/2025,10:21:14,b'Received packet: 606,38.38\x02976/21-8180wv,5/4/2025\xfc\xee\xbe01\n',,,,,,,,,
05/04/2025,10:21:14,b'\x06\x1fg+w-)u\x1du+00,\x8d57\xac4\x1e\x86\xa3&7VRfzWu\xb9;\xab"$8\r\n',,,,,,,,,,
05/04/2025,10:21:14,b'Received packet: 607,38.381927,21.818032,5/4/2025,7:19:6,6.44,188.32,-51.75,8,1019.48,22.26\r\n',
05/04/2025,10:21:14,b'Received packet: 608,38.381912,21.818031,5/4/2025,7:19:7,5.94,189.57,-48.80,8,1019.13,22.06\r\n',
05/04/2025,10:21:14,b'Received packet: 609,38.3h?{S^,T2xi\xa48%31<\x04\x1e\x95<0025\xac\xc3,\xfe\xean\xab\xfc$;\xed\xc62\xaae\xc1\xa9\xfc\x15\xe3\x9dA\xd2~|\x93\xc2<\xb2\xd4\x194e\xb5t\xcd\xd4Z\x82\xcc\xad\n',,,,,,,,
05/04/2025,10:21:14,b'\r\n',,,,,,,,,,,
05/04/2025,10:21:14,b"Received packet: 611,38.381896,21^\x86\x13'\xb0\x9c\x93A9\x1f$/1025,7:19:8,5.98,183.94,-7.26,8,1014.1:$2\x08\xbd\xa50\r\n",,,
05/04/2025,10:21:14,b'Received packet: 612,38.381883,21.818028,5/4/2025\xec\xfb:19:9,5.43,187.20,-7.51,8,1014.15,21.44\r\n',,
05/04/2025,10:21:14,b'Received packet: 613,38.381868,21.818025,5/4/2025,7:19:10,6.06,185.73,-7.71,8,1014.18,21.36\r\n',
05/04/2025,10:21:14,b'Received packet: 614,38.381868,21.818025,5/4/2025,7:19:10,6.06,185.73,-7.94,8,1014.20,21.31\r\n',
05/04/2025,10:21:14,b'Received packet: 615,38.381854,21.818028,5/4/2025,7:19:11,4.20,181.56,-7.74,8,1014.18,21.29\r\n',
05/04/2025,10:21:14,b'Received packet: 616,38.381854,21.818028,5/4/2025,7:19:11,4.20,181.56,-7.54,8,1014.16,21.28\r\n',
05/04/2025,10:21:14,b'Received packet: 617,38.381845,21.818031,5/4/2025,7:19:12,2.70,181.56,-9.73,8,1014.42,21.33\r\n',
05/04/2025,10:21:14,b'Received packet: 618,38.381838,21.818040,5/4/2025,7:19:13,1.56,166.07,-9.53,8,1014.40,21.39\r\n',
05/04/2025,10:21:14,b'Received packet: 619,38.381838,21.818040,5/4/2025,7:19:13,1.56,166.07,-7.56,8,1014.16,21.39\r\n',
05/04/2025,10:21:14,b'Received packet: 620,38.381832,21.818051,5/4/2025,7:19:14,4.24,130.37,-7.47,8,1014.15,21.37\r\n',
05/04/2025,10:21:14,b'Received packet: 621,38.381832,21.818051,5/4/2025,4:19:14,4.24,130.37,-7.37,8,1014.14,rq*7E\r\n',
05/04/2025,10:21:14,b'Received packet: 624,38"381811,21.818054,5/4/2025,7:19:16,4.19,176.47,-8.02,8,1014.21,21.27\r\n',
05/04/2025,10:21:14,b'Received packet: 625,38.381807,21.818052,5/4/2025,7:19:17,1.26,176.47,-7.53,8,1014.16,21.25\r\n',
05/04/2025,10:21:14,b'Received packet: 626,38.381807,21.818052,5/4/2025,7:19:17,1.26,176.47,-7.29,8,1014.13,21.25\r\n',
05/04/2025,10:21:14,b'Received packet: 629,38.381809,21.818051,5/4/2025,7:19:19,0.30,176.47,-7.87,8,1014.19,21.23\r\n',
05/04/2025,10:21:14,b'Received packet: 630,38.381811,21.818046,5/4/2025,7:19:20,3.63,283.47,-6.64,8,1014.05,21.19\r\n',
05/04/2025,10:21:14,b'Received packet: 631,38.381811,21.818046,5/4/2025,7:19:20,3.63,283.47,-7.07,8,1014.10,21.20\r\n',
05/04/2025,10:21:14,b'Received packet: 632,38.381813,21.818044,5/4/2025,7:19:21,0.09,283.47,-6.76,8,1014.06,21.22\r\n',
05/04/2025,10:21:14,b'Received packet: 634,38.381808,21.818046,5/4/2025,7:19:22,2.91,255.67,-6.94,8,1014.08,21.22\r\n',
05/04/2025,10:21:14,b'Received packet: 635,38.381806,21.818044,5/4/2025,7:19:23,0.30,255.67,-7.03,8,1014.09,21.22\r\n',
05/04/2025,10:21:14,b'Received packet: 636,38.381806,21.818044,5/4/2025,7:19:23,0.30,255.67,-7.02,8,1014.09,21.18\r\n',
05/04/2025,10:21:14,b'Received packet: 637,38.381806,21\xae0\xb90042,5/4/2025,7:19:24,1.00,255.67,-7.60,8,1014.16,21.17\r\n',
05/04/2025,10:21:14,b'Received packet: 638,38.381806,21.818042,5/4/2025,7:\xb19:24,1.00,255.67\x1c.7.27,8|\xcd\xa8cQN4R<"\x01-19\r\n',,,,
05/04/2025,10:21:14,b'Received packet: 639,38.381808,21.818044,5/4/2025,7:19:25,1.24,255.67,-7.30,8,1014.13,21.22\r\n',
05/04/2025,10:21:14,b'Received packet: 640,38.381809,21.818046,5/4/2025,7:19:26,1.54,255.67,-9.45,8,1014.39,21.28\r\n',
05/04/2025,10:21:14,b'Received packet: 641,38.381809,21.818046,5/4/2025,7:19:26,1.54,255.67,-11.44,8,1014.62,21.34\r\n',
05/04/2025,10:21:14,b'Received packet: 643,38.381809,21.818040,5/4/2025,7:19:27,2.07,255.67,-7.19,8,1014.11,21.42\r\n',
05/04/2025,10:21:14,b'Received packet: 644,38.381813,21.818036,5/4/2025,7:19:28,2.35,278.89,-7.26,8,1014.12,21.42\r\n',
05/04/2025,10:21:14,b'Received packet: 645,38.381813,21.818036,5/4/2025,7:19:28,2.35,278.89,-7.09,8,1014.10,21.43\r\n',
05/04/2025,10:21:14,b'Received packet: 646,38.381816,21.818037,5/4/2025,7:19:29,0.15,278.89,-7.06,8,1014.10,21.47\r\n',
05/04/2025,10:21:14,b'Received packet: 647,38.381819,21.818037,5/4/2025,7:1Y\\30,1.81,278.89,-7.39,8,1014.14,21.50\r\n',
05/04/2025,10:21:14,b'Received packet: 648,s}.3\xa8\xa11\x989,21.818037,5/4/2025,7:19:30,1.81,278.89,!;\xee44,8,1014.14,21.49\r\n',
05/04/2025,10:21:14,b'Received packet: 649,38.381817,21.818037,5/4/2025,7:19:31,0.83,278.89,-7.57,8,1014.16,21.53\r\n',
05/04/2025,10:21:14,b'Received packet: 650,38.381817,21.818037,5/4/2025,7:19:31,0.83,278.89,-6.83,8,1014.07,21.63\r\n',
05/04/2025,10:21:14,b'Received packet: 6Sr 32";82x\xa18\x7f;!.\xaa\xb1xPP6@5|4\xaf2387\xba\x07:1=\n',,,,,,,,,,,
05/04/2025,10:21:14,b'?2|P"<\xb7$\x1b\xbb\xa0\x8e0\xf9,-u\xbe9T%8\xbc1P94-,9,R\xa1>6h\r\n',,,,,,,,
05/04/2025,10:21:14,b'Received packet: 653,38.381818,21.818035,5/4/2025,7:19\xf63\xff,0.87,278.89,-6.79,8,1014.07,21.72\r\n',
05/04/2025,10:21:14,b'Received packet: 654,38.381820,21.818035,5/4/2025,7:19:34,0.72,278.89,-7.62,8,1014.17,21.77\r\n',
05/04/2025,10:21:14,b'Received packet: 655,38.381820,21.818035,5/4/2025,7:19:34,0.72,278.89,-6.69,8,1014.05,21.81\r\n',
05/04/2025,10:21:14,b'Received packet: 656,38.381821,21.818038,5/4/2025,7:19:35,1.15,278.89,-6.97,8,1014.09,21.91\r\n',
05/04/2025,10:21:14,b'Received packet: 657,38.381823,21.818037,5/4/2025,7:19:36,1.17,278.89,-6.52,8,1014.03,21.97\r\n',
05/04/2025,10:21:14,b'Received packet: 658,38.3814>3,21.818037,5/4/2025,7:19:36,1.17,278.89,-6.63,8,1014.05,22.02\r\n',
05/04/2025,10:21:14,b'Received packet: 659,38.381825,21.818035,5/4/2025,7:19:37,0.50,278.89,-6.68,8,1014.05,22.07\r\n',
05/04/2025,10:21:14,b'Received packet: 660,38.381825,21.818035,5/4/2025,7:19:37,0.50,278.89,-6.63,8,1014.05,22.10\r\n',
05/04/2025,10:21:14,b'Received packet: 661,38.381826,21.818035,5/4/2025,7:19:38,0.31,278.89,-6.86,8,1014.07,22.15\r\n',
05/04/2025,10:21:14,b'Received packet: 662,38.381826,21.818035,5/4/2025,7:19:38,0.31,278.89LMVH\xa0\xa1,8,1014.05,22.20\r\n',,
05/04/2025,10:21:14,b'Received packet: 663,38.381827,21.818034,5/4/2025,7:19:39,0.30,278.89,-6.71,8,1014.06,22.28\r\n',
05/04/2025,10:21:14,b'Received packet: 664,38.381829,21.818035,5/4/2025,7:19:40,0.11,278.89,-6.61,8,1014.04,22.30\r\n',
05/04/2025,10:21:14,b'Received packet: 665,38.381829,21.818035,5/4/2025,7:19:40,0.11,278.89,-6.84,8,1014.07,22.33\r\n',
05/04/2025,10:21:14,b'Received packet: 666,38.381829,21.818035,5/4/2025,7:19:41,0.09,278.89,-6.54,8,1014.04,22.36\r\n',
05/04/2025,10:21:14,b'Received packet: 667,38.381829,21.818035,5/4/2025,7:19:41,0.09,278.89,-6.67,8,1014.05,22.40\r\n',
05/04/2025,10:21:14,b'Received packet: 668,38.381830,21.818035,5/4/2025,7:19:42,0.13,278.89,-6.88,8,1014.08,22.44\r\n',
05/04/2025,10:21:14,b'Received packet: 669,38.381829,21.818035,5/4/2025,7:19:43,0.07,278.89,-6.79,8,1014.07,22.47\r\n',
05/04/2025,10:21:14,b'Received packet: 670,38.381829,21.818035,5/4/2025,7:19:43,0.07,278.89,-6.72,8,1014.06,22.51\r\n',
05/04/2025,10:21:14,b'Received packet: 671,38.381829,21.818035,5/4/2025,7:19:44,0.02,278.89,-6.51,8,1014.03,22.55\r\n',
05/04/2025,10:21:14,b'Received packet: 672,38.381829,21.818035,5/4/2025,7:19:44,0.02,278.89,-6.67,8,1014.05,22.59\r\n',
05/04/2025,10:21:14,b'Received packet: 673,38.381829,21.818035,5/4/2025,7:19:45,0.00,278.89,-6.39,8,1014.02,22.62\r\n',
05/04/2025,10:21:14,b'Received packet: 674,38.381829,21.818035,5/4/\xb20\xb25,7:19:46,0.09,278.89,-6.52,8,1014.03,22.67\r\n',
05/04/2025,10:21:14,b'Received packet: 676,38.381829,21.818035,5/4/2025,7:1\xb9\xf2\xbcs%0.09,2>1&\x983\x1c-6\x1d25\x19o\xaf\t\x88\xb8\x82\x87\x18\x01\x074R8!\x17\r\n',,,,,,
05/04/2025,10:21:14,b'Received packet: \xb67?,38.381829,21.818035,5/4/2P2S*7:19:47,0.09,278.89,-6.51,8,1014.03,22.77\r\n',,
05/04/2025,10:21:14,b'Received packet: 678,38.381829,21.8180c5)5/4/2025,7:19:48,0.11,>\xf78.89,-6.19,8L\x16\x02\x122.l\n',,,,
05/04/2025,10:21:14,b'\x99\xb0\x0b\x1f\t\x03\r\n',,,,,,,,,,,
05/04/2025,10:21:14,b'Received packet: 679,38.38182\x08,18.818037,5/4/2025,7:19:49,0.09,278.89,-6.61,8,1014.04,22.84\r\n',
05/04/2025,10:21:14,b'Received packet: 680,38.381828,21.818037,5/4/2025,7:19:49,0.09,278.89,-6.51,8,1014.03,22.88\r\n',
05/04/2025,10:21:14,b'Received packet: 681,38.381827,21.818037,5/4/2025,7019z5\x03 m\xb6\xe5\xcbD\xa5\xea`\xe2\x18z,G:.16,;\x1c\x02\x0327.06,22.92\r\n',,,,
05/04/2025,10:21:14,b'Received packet: 682,38.381827,21.818037,5/4/2025,7:19:50,0.07,278.89,-6.43,8,1014.02,22.95\r\n',
05/04/2025,10:21:14,b'Received packet: 683,38.381827,21.818037,5/4/2025,7:19:51,0.87,278.89,-6.73,8,1014.06,22.98\r\n',
05/04/2025,10:21:14,b'Received packet: 684,38.381827,21.818037,5/4/2025,7:19:51,0.87,278.89,-7.94,8,1014.20,23.02\r\n',
05/04/2025,10:21:14,b'Received packet: 685,38.381828,21.818038,5/4/2025,7:19:52,0.37,278.89,-7.34,8lq\xb0\x154\x0c31.\xb22.0U\r\n',,,
05/04/2025,10:21:14,b'Received packet: 686,38.381824,21.818038,5/4/2025,7:19:53,0.20,278.89,-8.03,8,1014.21,23.11\r\n',
05/04/2025,10:21:14,b'Received packet: 687,38.381824,21.818038,5/4/2025,7:19:53,0.20,278.89,-6.55,8,1014.04,23.14\r\n',
05/04/2025,10:21:14,b'Received packet: 688,38.381826,21.818040,5/4/2025,7:19:54,0.30,278.89,-6.42,8,1014.02,23.16\r\n',
05/04/2025,10:21:14,b'Received packet: 689,38.381826,21.818040,5/4/2025,7:19:54,0.30,278.89,-9.95,8,1014.45,23.21\r\n',
05/04/2025,10:21:14,b'Received packet: 691,38.381827,21.818040,5/4/2025,7:19:56,0.57,278.89,-6.98,8,1014.\xb9\xb9,23.29\r\n',
05/04/2025,10:21:14,b'Received packet: 693\xac\x038"1(sp27\xe6;\xb1.;\xa1i\x00t1&5,>\x0f2085\xb8\x07:1=9)7,j.=9,\x1330\x870i,}\x9b.2T$8<3z1$.\x965,R\xa3>45\r\n',,,,,,
05/04/2025,10:21:14,b'Received packet: 696,38.381830,21.818041,5/4/2025,7:19:59,0.93,278.89,-6.21,8,1014.00,23.55\r\n',
05/04/2025,10:21:14,b'Received packet: 697,38.381830,21.818041,5/4/2025,7:19:59,0.93,278.89,-6.18,8,1013.99,23.57\r\n',
05/04/2025,10:21:14,b'Received packet: 698,38.381831,21.818043,5/4/2025,7:20:0,1.00,278.89,-6.12,8,1013.99,23.59\r\n',
05/04/2025,10:21:14,b'Received packet: 699,38.381831,21.818043,5/4/2025,7:20:0,1.00,278.89,-6.22,8,1014.00,23.61\r\n',
05/04/2025,10:21:14,b'Received packet: 700,38.381830,21.818043,5/4/2025,7:20:1,0.69\xecr\xf74.89,-6.09,8,1013.98,23.66\r\n',,
05/04/2025,10:21:14,b'Received packet: 701,38.381825,21.818043,5/4/2025,7:20:2,0.20,278.89,-9.82,8,1014.43,23.72\r\n',
05/04/2025,10:21:14,b'Received packet: 702,38.381825,21.818043,5/4/2025,7:20:2,0.20,278.89,-10.17,8,1014.47,23.76\r\n',
05/04/2025,10:21:14,b'Received packet: 703,38.381823,21.818042,5/4/2025,7:20:3,0.17,278.89,-8.47,8,1014.27,23.79\r\n',
05/04/2025,10:21:14,b'Received packet: 704,38.381823,21.818042,5/4/2025,7:20:3,0.17,278.89,-8.13,8,1014.23,23.84\r\n',
05/04/2025,10:21:14,b'Received packet: 705,38.381820,21.818042,5/4/2025,7:20:4,0.06,278.89,-5.72,8,1013.94,23.87\r\n',
05/04/2025,10:21:14,b'Received packet: 706,38.381820,21.818042,5/4/2025,7:20:4,0.06,278.89,-5.58,8,1013.92,23.87\r\n',
05/04/2025,10:21:14,b'Received packet: 707,38.381819,21.818041,5/4/2025,7:20:5,0.24,278.89,-5.66,8,1013.93,23.88\r\n',
05/04/2025,10:21:14,b'Received packet: 708,3h.381819,21.818040,5/4/2025,7:20:6,0.30,278.89,-5.66,8,1013.93,23.89\r\n',
05/04/2025,10:21:14,b'Received packet: 709,38.381819,21.818040,5/4/2025,7:20:6,0.30,278.89,-5.84,8,1013.95,23.91\r\n',
05/04/2025,10:21:14,b'Received packet: 710,38.381820,21.818041,5/4/2025,7:20:7,0.26,278.89,-5.70,8,1013.94,23.94\r\n',
05/04/2025,10:21:14,b'Received packet: 711,38.381820,21.818041,5/4/2025,7:20:7,0.26,278.89,-5.78,8,1013.94,23.96\r\n',
05/04/2025,10:21:14,b'Received packet: 712,38.381819,21.818041,5/4/2025,7:20:8,0.20,278.89,-5.60,8,1013.92,23.97\r\n',
05/04/2025,10:21:14,b'Received packet: 717,38.381818,21.818044,5/4/2025,7:20:11,0.26,278.89,-7.33,8,1014.13,24.07\r\n',
05/04/2025,10:21:14,b'Received packet: 718,38.381815,21.818046,5/4/2025,7:20:12,0.31,278.89,-6.52,8,1014.03,24.13\r\n',
05/04/2025,10:21:14,b'Received packet: 719,38.381815,21.818046,5/4/2025,7:20:12,0.31,278.89,-6.67,8,1014.05,24.18\r\n',
05/04/2025,10:21:14,b'Received packet: 720,38.381817,21.818046,5/4/2025,7:20:13,0.30,278.89,-6.58,8,1014.04,24.21\r\n',
05/04/2025,10:21:14,b'Received packet: 722,38.381817,21.818047,5/4/2025,7:20:14,0.69,278.89,-6.18,8,1013.99,24.29\r\n',
05/04/2025,10:21:14,b'Received packet: 723,38.381817,21.818047,5/4/2025,7:20:14,0.69,278.89,-6.38,8,1014.02,24.32\r\n',
05/04/2025,10:21:14,b'Received packet: 724,38.381819,21.818048,5/4/2025,7:20:15,0.41,278.89,-6.50,8,1014.03,\xa2\xad\xb7:6\r\n',
05/04/2025,10:21:14,b'Received packet: 725,38.381819,21.818049,5/4/2025,7:20:16,0.13,278.89,-6.45,8,1014-02,24.40\r\n',
05/04/2025,10:21:14,b'Received packet: 726,\x932$\x9381819,21.818059=4/4/2025,7:20:16,0.13,278.89,-6.20,8,1014.01,24.45\r\n',,
05/04/2025,10:21:14,b'Received packet: 736,38.381812,21.818047,5/4/2025,7:20:22,0.35,278.89,-6.65,7,1014.05,24.66\r\n',
05/04/2025,10:21:14,b'Received packet: 741,38.381816,21.818046,5/4/2025,7:20:25,0.06,278.89,-5.06,8,1013.86,24.74\r\n',
05/04/2025,10:21:14,b'Received packet: 74\xf5,38.381816,21.818045,5/4/2025,7:20:27,0.09,278.89,-5.49,7,1013.91,24.83\r\n',
05/04/2025,10:21:14,b'Received packet: 747,38.381812,21.818044,5/4/2025,7:20:29,2.39,215.94,-2.92,7,1013.60,24.93\r\n',
05/04/2025,10:21:14,b'Received packet: 748,38.381812,21.818044,U)4)4025,7:20:29,2.39,215.94,-3.40,7,1013.66,25.11\r\n',
05/04/2025,10:21:14,b'Received packet: 749,38.381811,21\x0e\xd0[\xbc041,5/4/2025,7:20:30\xec0\xe2\xf99,215.94,-5.93,8,1013.96,25.19\r\n',,
05/04/2025,10:21:14,b'Received packet: 750,38.38d8a4,21.818041,5/4/r\xf0\xd2\x15*\xbf2\xb2\x80\xc4\xce|\x8d\x9a7\x9f9|205(\x99\x16.)~\x0c=\xfb\xa68\x1c1\xf003\xedi>\xbc8\xb9.2W\r\n',,,,,,,,
05/04/2025,10:21:14,b'Received packet: 751,38.381809,21.818041,5/4/2025,7:20:31,0.59,215.94,-7.43,8,1014.14,25.25\r\n',
05/04/2025,10:21:14,b'Received packet: 755,38.381808,21.818043,5/4/2025,7:20:33,0.24,215.94,-13.69,8,1014.89,25.53\r\n',
05/04/2025,10:21:14,b'Received packet: 756,38.381807,21.818044,5/4/2025,7:20:34,0.26,215.94,-8.79,8,1014.31,25.54\r\n',
05/04/2025,10:21:14,b'Received packet: 757,38.381808,21.818044,5/4/2025,7:20\xb2\xbb5,0.22,215.94,-6.71,8,1014.06,25.54\r\n',
05/04/2025,10:21:14,b'Received packet: 758,38.381808,21.818044,5/4/2025,7:20:35,0.22,215.94,-7.76,8,1014.18,25.58\r\n',
05/04/2025,10:21:14,b'Received packet: 760,38.381806,21.818044,5/4/2025,7:20:36,0.13,215.94,-8.14,8,1014.23,25.66\r\n',
05/04/2025,10:21:14,b'Received packet: 762,38.381806,21.818042,5/4/2025,7:20:37,0.17,215.94,-8.10,8,1014.22,25.74\r\n',
05/04/2025,10:21:14,b'Received packet: 763,38.381806,21.818042,5/4/2025,7:20:38,0.35,215.94,-8.07,8,1014.22,25.81\r\n',
05/04/2025,10:21:14,b'Received packet: 764,38.381805,21.818041,5/4/2025,7:20:39,0.24,215.94,-7.65,8,1014.17,25.84\r\n',
05/04/2025,10:21:14,b'Received packet: 765,38.381805,21.818041,5/4/2025,7:20:39,0.24,215.94,-7.51,8,1014.15,25.85\r\n',
05/04/2025,10:21:14,b'Received packet: 766,38.381805,21.818043,5/4/2025,7:20:40,0.19,215.94,-3.93,8,1013.72,25.87\r\n',
05/04/2025,10:21:14,b'Received packet: 767,38.381805,21.818043,5/4/2025,7:20:40,0.19,215.94,-18.71,8,1015.50,25.87\r\n',
05/04/2025,10:21:14,b'Received packet: 768,38.381803,21.818042,5/4/2025,7:20:41,0.81,215.94,-13.56,8,1014.88,25.83\r\n',
05/04/2025,10:21:14,b'Received packet: 769,38.381803,21.818041,5/4/2025,7:20:42,0.52,215.94,-3.19,8,1013.63,25.90\r\n',
05/04/2025,10:21:14,b'Received packet: 770,38.381803,21.818041,5/4/\xf20\xfe\xf5,7:20:42,0.52,215.94,-5.30,8,1013.89,25.98\r\n',
05/04/2025,10:21:14,b'Received packet: 771,38.381801,21.818041,5/4/2025,7:20:43,0.78,215.94,-5.91,8,1013.96,26.04\r\n',
05/04/2025,10:21:14,b'Received packet: 772,38.381801,21.818041,5/4/2025,7:20:43,0.78,215.94,-6.44,8,1014.02,26.11\r\n',
05/04/2025,10:21:14,b'Received packet: 773,38.381801,21.818042,5/4/2025,7:20:44,0.35,215.94,-7.04,8,1014.10,26.14\r\n',
05/04/2025,10:21:14,b'Received packet: 774,38.381801,21.818044,5/4/2025,7:20:45,0.07,215.94,-6.48,8,1014.03,26.17\r\n',
05/04/2025,10:21:14,b'Received packet: 775,38.381801,21.818044,5/4/2025,7:20:45,0.07,215.94,-6.14,8,1013.99,26.13\r\n',
05/04/2025,10:21:14,b'Received packet: 776,38.381803,21.818047,5/4/2025,7:20:46,0.04,215.94,-6.60,8,1014.04,26.03\r\n',
05/04/2025,10:21:14,b'Received packet: 777,38.381803,21.818047,5/4/2025,7:20:46,0.04,215.94,-7.41,8,1014.14,26.10\r\n',
05/04/2025,10:21:14,b'Received packet: 778,38.381801,21.818053,5/4/2025,7:20:47,0.35,215.94,-7.58,8,1014.16,26.11\r\n',
05/04/2025,10:21:14,b'Received packet: 779,38.381801,21.818054,5/4/2025,7:20:48,0.30,215.94,-5.39,8,1013.90,26.07\r\n',
05/04/2025,10:21:14,b'Received packet: 780,38.38\x13\x1a23,21.81\x0b050(u/\x16\tT\xcbthM\xe2\xbd\xe7<\xe8?\x1f*~\xb3\x0e\xba\xb8r\xe4x\x1d\x18$\xae=:\xb7|\xbc%<(2#33.&#-\x126\xae:5\r\n',,,,,,,,,
05/04/2025,10:21:14,b'Received packet: 781,38.381798,21.818055,5/4/2025,7:20:49,0.19,215.94,-3.50,8,1013.67,26.06\r\n',
05/04/2025,10:21:14,b'Received packet: 782,38.381798,21.818055,5/4/2025,7:20:49,0.19,215.94,-3.38,8,1013.66,26.11\r\n',
05/04/2025,10:21:14,b'Received packet: 783,38.381798,21.818057,5/4/2025,7:20:50,0.19,215.94,-8.46,8,1014.27,26.19\r\n',
05/04/2025,10:21:14,b'Received packet: 784,38.381798,21.818057,5/4/2025,7:20:50,0.19,215.94,-7.10,8,1014.10,26.24\r\n',
05/04/2025,10:21:14,b'Received packet: 785,38.381798,21.818057,5/4/2025,7:20:51,0.17,215.94,-6.40,8,1014.02,26.27\r\n',
05/04/2025,10:21:14,b'Received packet: 786,38.381799,21.818058,5/4/2025,7:20:52,0.00,215.94,-7.27,8,1014.12,26.28\r\n',
05/04/2025,10:21:14,b'Received packet: 787,38.381799,21.818058,5/4/2025,7:20:52,0.00,215.94,-8.83,8,1014.31,26.32\r\n',
05/04/2025,10:21:14,b'Received packet: 788,38.381799,21.818056,5/4/2025,7:20:53,0.07,215.94,-9.50,8,1014.39,26.40\r\n',
05/04/2025,10:21:14,b'Received packet: 789,38.381799,21.818056,5/4/2025,7:20:53,0.07,215.94,-17.36,8,1015.34,26.48\r\n',
05/04/2025,10:21:14,b'Received packet: 790,38.381799,21.818056,5/4/2025,7:20:54,0.07,215.94,-36.29,8,1017.62,26.53\r\n',
05/04/2025,10:21:14,b'Received packet: 791,38.381800,21.818055,5/4/2025,7:20:55,0.15,215.94,-10.31,8,1014.49,26.54\r\n',
05/04/2025,10:21:14,b'Received packet: 792,38.381800,21.818055,5/4/2025,7:20:55,0.15,215.94,-14.43,8,1014.98,26.63\r\n',
05/04/2025,10:21:14,b'Received packet: 793,38.381801,21.818055,5/4/2025,7:20:56,0.30,215.94,-4.87,8,1013.83,26.63\r\n',
05/04/2025,10:21:14,b'Received packet: 795,38.381802,21.818057,5/4/2025,7:20:57,0.63,215.94,-5.01,8,1013.85,26.44\r\n',
05/04/2025,10:21:14,b'Received packet: 796,38.381799,21.818055,5/4/2025,7:20:58,1.22,215.94,-15.60,8,1015.13,26.56\r\n',
05/04/2025,10:21:14,b'Received packet: 797,38.381799,21.818055,5/4/2025,7:20:58,1.22,215.94,-13.06,8,1014.82,26.65\r\n',
05/04/2025,10:21:14,b'Received packet: 798,38.381799,21.818053,5/4/2025,7:20:59,0.00,215.94,-13.27,8,1014.84,26.72\r\n',
05/04/2025,10:21:14,b'Received packet: 800,38.381798,21.818053,5/4/2025,7:21:0,0.09,215.94,-14.04,8,1014.94,26.87\r\n',
05/04/2025,10:21:14,b'Received packet: 801,38.381797,21.818052,5/4/2025,7:21:1,0.06,215.94,-11.93,8,1014.68,26.88\r\n',
05/04/2025,10:21:14,b'Received packet: 802,38.381797,21.818052,5/4/2025,7:21:1,0.06,215.94,-14.83,8,1015.03,26.88\r\n',
05/04/2025,10:21:14,b'Received packet: 803,38.381797,21.818052,5/4/2025,7:21:2,0.04,215.94,-19.55,8,1015.60,27.00\r\n',
05/04/2025,10:21:14,b'Received packet: 804,38.381797,21.818052,5/4/2025,7:21:2,0.04,215.94,-16.03,8,1015.18,26.99\r\n',
05/04/2025,10:21:14,b'Received packet: 805,38.381797,21.818050,5/4/2025,7:21:3,0.13,215.94,-26.61,8,1016.45,27.05\r\n',
05/04/2025,10:21:14,b'Received packet: 806,38.381797,21.818050,5/4/2025,7:21:3,0.13,215.94,-31.65,8,1017.06,27.00\r\n',
05/04/2025,10:21:14,b'Received packet: 807,38.381797,21.818049,5/4/2025,7:21:4,0.04,215.94,-27.69,8,1016.58,26.93\r\n',
05/04/2025,10:21:14,b'Received packet: 808,38.381797,21.818049,5/4/2025,7:21:5,0.11,215.94,-18.72,8,1015.57,26.86\r\n',
05/04/2025,10:21:14,b'Received packet: 809,38.381797,21.818049,5/4/2025,7:21:5,0.11,215.94,-16.38,8,1015.20,26.87\r\n',
05/04/2025,10:21:14,b'Received packet: 810,38.381797,21.818049,5/4/2025,7:21:6,0.04,215.94,-24.03,8,1016.14,26.91\r\n',
05/04/2025,10:21:14,b'Received packet: 811,38.381797,21.818049,5/4/2025,7:21:6,0.04,215.94,-20.36,8,1015.70,26.90\r\n',
05/04/2025,10:21:14,b'Received packet: 812,38.381797,21.818049,5/4/2025,7:21:7,0.06,215.94,-15.80,8,1015.15,26.98\r\n',
05/04/2025,10:21:14,b'Received packet: 813,38.381796,21.818050,5/4/2025,7:21:8,0.15,215.94,-19.90,8,1015.64,26.94\r\n',
05/04/2025,10:21:14,b'Received packet: 814,38.381796,21.818050,5/4/2025,7:21:8,0.15,215.94,-25.62,8,1016.33,26.95\r\n',
05/04/2025,10:21:14,b'Received packet: 815,38.381797,21.818050,5/4/2025,7:21:9,0.09,215.94,-22.37,8,1015.94,27.00\r\n',
05/04/2025,10:21:14,b'Received packet: 816,38.381797,21.818050,5/4/2025,7:21:9,0.09,215.94,-23.50,8,1016.08,27.01\r\n',
05/04/2025,10:21:14,b'Received packet: 817,38.381800,21.818051,5/4/2025,7:21:10,2.43,293.95,-43.50,8,1018.49,26.99\r\n',
05/04/2025,10:21:14,b'Received packet: 818,38.381803,21.818049,5/4/2025,7:21:11,0.83,293.95,-55.20,8,1019.90,27.05\r\n',
05/04/2025,10:21:14,b'Received packet: 819,38.381803,21.818049,5/4/2025,7:21:11,0.83,293.95,-5.54,8,1013.92,26.83\r\n',
05/04/2025,10:21:14,b'Received packet: 820,38.381803,21.818049,5/4/2025,7:21:12,0.17,293.95,-27.77,8,1016.59,26.90\r\n',
05/04/2025,10:21:14,b'Received packet: 821,38.381803,21.818049,5/4/2025,7:21:12,0.17,293.95,-15.43,8,1015.11,26.92\r\n',
05/04/2025,10:21:14,b'Received packet: 822,38.381803,21.818050,5/4/2025,7:21:13,0.15,293.95,-21.16,8,1015.79,26.99\r\n',
05/04/2025,10:21:14,b'Received packet: 823,38.381803,21.818050,5/4/2025,7:21:13,0.15,293.95,-31.35,8,1017.02,27.08\r\n',
05/04/2025,10:21:14,b'Received packet: 824,38.381803,21.818050,5/4/2025,7:21:14,0.07,293.95,-42.92,8,1018.42,27.13\r\n',
05/04/2025,10:21:14,b'Received packet: 825,38.381803,21.818049,5/4/2025,7:21:15,0.06,293.95,-5.99,8,1013.97,27.00\r\n',
05/04/2025,10:21:14,b'Received packet: \x0816,08.3\x9818\x909|\xfe\xf1z\x08$=sR{h\xb3M\x16\x0143T3\xef76\xf2=6\xf1\xb5,0~5\x06\x1cdi\xa0"0\xfcE{\xf5NW3*X*\xb1093\xa2}8,36><7\r\n',,,,,,,,
05/04/2025,10:21:14,b'Received packet: 827%38(`9\xad\xf4<\xbf,21&=48548,5/4/b52e97/"0:16\xbc`.15,293.95,-5.32,8,1013.89,26.78\r\n',,,,
05/04/2025,10:21:15,b'Received packet: 828,38.381803,21.818048,5/4/2025,7:21:16,0.15,293.95,-4.65,8,1013.81,26.67\r\n',
05/04/2025,10:21:16,b'Received packet: 830,38.381803,21.818048,5/4/2025,7:21:18,0.11,293.95,-26.31,8,1016.41,26.83\r\n',
05/04/2025,10:21:17,b'Received packet: 832,38.381802,21.818048,5/4/2025,7:21:19,0.15,293.95,-21.(2,8,1015.89,26.82\r\n',
05/04/2025,10:21:18,b'Received packet: 833,38.381802,21.818048,5/4/2025,7:21:19,0.15,293.95,-28.94,8,1016.73,26.86\r\n',
05/04/2025,10:21:19,b'Received packet: 834,38.381802,21.818048,5/4/2025,7:21:20,0.06,293.95,-30.35,8,1016.90,26.85\r\n',
05/04/2025,10:21:19,b'Received packet: 835,38.381802,21.818048,5/4/2025,7:21:21,0.04,293.95,-37.40,8,1017.75,26.84\r\n',
05/04/2025,10:21:20,b'Received packet: 836,38.3\x98;2\x9a8,21"X18048,5/4/2025,\x9702=:21,4JR4(r}3.95,-5.11,8,1013.86,26.61\r\n',,
05/04/2025,10:21:20,b'Received packet: 837,38.381802,21.818049,5/4/2025,7:21:22,0.04,293.95,-5.28,8,1013.88,26.51\r\n',
05/04/2025,10:21:21,b'Received packet: 838,38.381802,21.818049,5/4/2025,7:21:22,0.04,293.95,-5.10,8,1013.86,26.38\r\n',
05/04/2025,10:21:21,b'Received packet: 839,38.381802,21.818049,5/4/2025,7:21:23,0.13,293.95,-5.14,8,1013.87,26.34\r\n',
05/04/2025,10:21:22,b'Received packet: 840,38.381805,21.818047,5/4/2025,7:21:24,2.04,322.83,-4.36,8,1013.77,26.30\r\n',
05/04/2025,10:21:23,b'Received packet: 842,38.381807,21.818047,5/4/2025,7:21:25,0.11,322.83,-4.49,8,1013.79,26.24\r\n',
05/04/2025,10:21:24,b'Received packet: 843,38.381807,21.818047,5/4/2025,7:21:25,0.11,322.83,-5.21,8,1013.88,26.20\r\n',
05/04/2025,10:21:24,b'Received packet: 844,38.381804,21.818047,5/4/2025,7:21:26,1.15,322.83,-19.97,8,1015.65,26.38\r\n',
05/04/2025,10:21:25,b'Received packet: 845,38.381804,21.818047,5/4/2025,7:21:26,1.15,322.83,-5.16,8,1013.87,26.39\r\n',
05/04/2025,10:21:26,b'Received packet: 846,38.381803,21.818047,5/4/2025,7:21:27,0.09,322.83,-5.66,8,1013.93,26.31\r\n',
05/04/2025,10:21:26,b'Received packet: 847,38.381804,21.818047,5/4/2025,7:21:28,0.09,322.83,-5.47,8,1013.91,26.23\r\n',
05/04/2025,10:21:27,b'Received packet: 848,38.381804,21.818047,5/4/2025,7:21:28,0.09,322.83,-5.57,8,1013.92,26.18\r\n',
05/04/2025,10:21:27,b'Received packet: 849,38.381803,21.818048,5/4/2025,7:21:29,0.59,322.83,-5.24,8,1013.88,26.15\r\n',
05/04/2025,10:21:28,b'Received packet: 850,38.381803,21.818048,5/4/2025,7:21:29,0.59,322.83,-5.14,8,1013.87,26.14\r\n',
05/04/2025,10:21:29,b'Received packet: 851,38.381802,21.818048,5/4/2025,7:21:30,0.59,322.83,-5.07,8,1013.86,26.13\r\n',
05/04/2025,10:21:29,b'Received packet: 852,38.381803,21.818048,\xb5\xa74\xaf:025\xec7r\xb2\x95\x90\x99;,R\x1dS\x97\x863\x98\x98\x0c"\x93.-4.w4l8,\xadi\xa16-\x081/26.1$\r\n',,,,,,
05/04/2025,10:21:30,b"Received packet: \xb8<\xb4\xbc28.38\xfd8\xfc2,\x02\x01M\xd7\xb9\x835\xb4\xb8-ln\xe0z\x97:2?\xea>621:32,\xa0\xb6\xb4\xb8\xa4\xb32\xa2.1:%-\xa4'<\x15,\x18\xae\xb1\xb813o80(\xa1\x0c\x87\x928\r\n",,,,,,,,
05/04/2025,10:21:31,b'Received packet: 855,38.381802,21.818048,5/4/2025,7:21:32,1.41,322.83,-4.22,8,1013.76,26.11\r\n',
05/04/2025,10:21:32,b'Received packet: 857,\x13\x18.\x91:1802,21.818048,5/4/2025,7:21:34,0.11,322$\x98\x93&-4.09,8,1013.74lvr\xea51\r\n',,,
05/04/2025,10:21:34,b'Received packet: 860,38.381802,21.818047,5/4/2025,7:21:35,0.20,322.83,-4.40,8,1013.78,26.10\r\n',
05/04/2025,10:21:34,b'Received packet: 861,38.381802,21.818047,5/4/2025,7:21:36,0.17,322.83,-4.40,8,1013.78,26.09\r\n',
05/04/2025,10:21:35,b'Received packet: 862,38.381802,21.818047,5/4/2025,7:21:36,0.17,322.83,-4.92,8,1013.84,26.10\r\n',
05/04/2025,10:21:36,b'Received packet: 863,38.381802,21.818047,5/4/2025,7:21:37,0.17,322.83,-4.92,8,1013.84,26.10\r\n',
05/04/2025,10:21:36,b'Received packet: 864,38.381802,21.818047,5/4/2025,7:21:38,0.07,322.83,-4.45,8,1013.78,26.09\r\n',
05/04/2025,10:21:37,b"Received packet: 866,38.381803,21.818048,5/4/2025,7:21:39,0.13\xbc:\xa2\xabG\x98\x90fitj\xf7\xf6%408\xa1\xa12.'3ItSi\xb1\xa0\r\n",,,,,,
05/04/2025,10:21:39,b'Received packet: 869,38.381804,21.818047,5/4/2025,7:21:41,0.06,322.83,-4.47,8,1013.79,26.10\r\n',
05/04/2025,10:21:40,b'Received packet: 870,38.381804,21.818047,5/4/2025,7:21:41,0.06,322.83,-4.22,8,1013.76,26.10\r\n',
05/04/2025,10:21:40,b'Received packet: 871,38.381804,21.818048,5/4/2025,7:21:42,0.15,322.83,-4.01,8,1013.73,26.09\r\n',
05/04/2025,10:21:41,b'Received packet: 872,38.381804,21.818048,5/4/2025,7:21:42,0.15,322.83,-4.05,8,1013.76,26.10\r\n',
05/04/2025,10:21:42,b'Received packet: 873,38.381804,21.818047,5/4/2025,7:21:43,0.13,322.83,-12.22,8,1014.73,26.16\r\n',
05/04/2025,10:21:42,b'Received packet: 874,38.381805,21.818046,5/4/2025,7:21:44,0.26,322.83,-8.96,8,1014.33,26.32\r\n',
05/04/2025,10:21:43,b'Received packet: 875,38.381805,21.818046,5/4/2025,7:21:44,0.26,322.83,-9.20,8,1014.36,26.42\r\n',
05/04/2025,10:21:43,b'Received packet: 876,38.381806,21.818049,5/4/2025,7:21:45,0.09,322.83,-9.17,8,1014.35,26.33\r\n',
05/04/2025,10:21:44,b'Received packet: 877,38.381806,21.818049,5/4/2025,7:21:45,0.09,322.83,-9.05,8,1014.34,26.41\r\n',
05/04/2025,10:21:44,b'Received packet: 878,38.381810,21.818053,5/4/2025,7:21:46,0.04,322.83,-9.23,8,1014.36,26.57\r\n',
05/04/2025,10:21:45,b'Received packet: 879,38.381809,21.818050,5/4/2025,7:21:47,0.13,322.83,-11.02,8,1014.57,26.69\r\n',
05/04/2025,10:21:46,b'Received packet: 880,38.381809,21.818050,5/4/2025,7:21:47,0.13,322.83,-10.80,8,1014.55,26.80\r\n',
05/04/2025,10:21:46,b'Received packet: 881,38.381812,21.818050,5/4/2025,7:21:48,0.13,322.83,-13.10,8,1014.82,26.89\r\n',
05/04/2025,10:21:47,b'Received packet: 882,38.381812,21.818050,5/4/2025,7:21:48,0.13,322.83,-12.83,8,1014.79,26.92\r\n',
05/04/2025,10:21:47,b'Received packet: 883,38.381813,21.818051,5/4/2025,7:21:49,0.06,322.83,-12.41,8,1014.74,27.00\r\n',
05/04/2025,10:21:48,b'Received packet: 884,38.381813,21.818051,5/4/2025,7:21:49,0.06,322.83,-10.39,8,1014.50,26.98\r\n',
05/04/2025,10:21:49,b'Received packet: 885,38.381812,21.818052,5/4/2025,7:21:50,0.24,322.83,-12.07,8,1014.70,27.15\r\n',
05/04/2025,10:21:49,b'Received packet: 886,38.381811,21.818052,5/4/2025,7:21:51,0.07,322.83,-12.42,8,1014.74,27.23\r\n',
05/04/2025,10:21:50,b'Received packet: 887,38.381811,21.818052,5/4/2025,7:21:51,0.07,322.83,-12.94,8,1014.81,27.31\r\n',
05/04/2025,10:21:50,b'Received packet: 888,38.381811,21.818052,5/4/2025,7:21:52,0.04,322.83,-13.63,8,1014.89,27.42\r\n',
05/04/2025,10:21:51,b'Received packet: 889,38.381811,21.818052,5/4/2025,7:21:52,0.04,322.83,-12.57,8,1014.76,27.46\r\n',
05/04/2025,10:21:52,b'Received packet: 890,38.381811,21.818052,5/4/2025,7:21:53,0.04,322.83,-12.65,8,1014.77,27.54\r\n',
05/04/2025,10:21:52,b'Received packet: 891,38.381811,21.818052,5/4/2025,7:21:54,0.07,322.83,-12.55,8,1014.76,27.59\r\n',
05/04/2025,10:21:53,b'Received packet: 892,38.381811,21.818052,5/4/2025,7:21:54,0.07,322.83,-13.71,8,1014.90,27.68\r\n',
05/04/2025,10:21:53,b'Received packet: 893,38.381811,21.818052,5/4/2025,7:21:55,0.06,322.83,-13.47,8,1014.87,27.73\r\n',
05/04/2025,10:21:54,b'Received packet: 894,38.381811,21.818052,5/4/2025,7:21:55,0.06,322.83,-17.31,8,1015.33,27.78\r\n',
05/04/2025,10:21:55,b'Received packet: 895,38.381811,21.818052,5/4/2025,7:21:56,0.15,322.83,-14.02,8,1014.94,27.81\r\n',
05/04/2025,10:21:55,b'Received packet: 896,38.381813,21.818052,5/4/2025,7:21:57,0.28,322.83,-13.80,8,1014.91,27.86\r\n',
05/04/2025,10:21:56,b'Received packet: 897,38.381813,21.818052,5/4/2025,7:21:57,0.28,322.83,-14.42,8,1014.98,27.90\r\n',
05/04/2025,10:21:56,b'Received packet: 898,38.381815,21.818055,5/4/2025,7:21:58,1.48,356.17,-12.26,8,1014.72,27.91\r\n',
05/04/2025,10:21:57,b'Received packet: 899,38.381815,21.818055,5/4/2025,7:21:58,1.48,356.17,-17.00,8,1015.29,27.92\r\n',
05/04/2025,10:21:57,b'Received packet: 900,38.381822,21.818061,5/4/2025,7:21:59,4.26,27.44,-16.25,8,1015.20,27.86\r\n',
05/04/2025,10:21:58,b'Received packet: 901,38.381822,21.818061,5/4/2025,7:21:59,4.26,27.44,-4.40,8,1013.78,27.85\r\n',
05/04/2025,10:21:59,b'Received packet: 902,38.381839,21.818069,5/4/2025,7:22:0,8.37,20.93,-4.75,8,1013.82,27.70\r\n',
05/04/2025,10:21:59,b'Received packet: 903,38.381859,21.818073,5/4/2025,7:22:1,8.11,14.06,-4.48,8,1013.79,27.62\r\n',
05/04/2025,10:22:00,b'Received packet: 904,38.381859,21.818073,5/4/2025,7:22:1,8.11,14.06,-4.33,8,1013.77,27.56\r\n',
05/04/2025,10:22:00,b'Received packet: 905,38.381880,21.818071,5/4/2025,7:22:2,9.48,2.86,-4.20,8,1013.75,27.48\r\n',
05/04/2025,10:22:01,b'Received packet: 906,38.381880,21.818071,5/4/2025,7:22:2,9.48,2.86,-4.17,8,1013.78,27.42\r\n',
05/04/2025,10:22:02,b'Received packet: 907,38.381904,21.818059,5/4/2025,7:22:3,9.48,2.86,-3.78,8,1013.70,27.31\r\n',
05/04/2025,10:22:02,b'Received packet: 908,38.381922,21.818040,5/4/2025,7:22:4,9.39,329.98,-4.76,8,1013.82,27.26\r\n',
05/04/2025,10:22:03,b'Received packet: 909,38.381922,21.818040,5/4/2025,7:22:4,9.39,329.98,-4.23,8,1013.76,27.21\r\n',
05/04/2025,10:22:03,b'Received packet: 910,38.381934,21.818021,5/4/2025,7:22:5,7.06,319.83,-4.03,8,1013.73,27.13\r\n',
05/04/2025,10:22:04,b'Received packet: 911,38.381934,21.818021,5/4/2025,7:22:5,7.06,319.83,-4.04,8,1013.74,27.13\r\n',
05/04/2025,10:22:05,b'Received packet: 912,38.381942,21.817995,5/4/2025,7:22:6,9.48,294.17,-3.64,8,1013.69,27.04\r\n',
05/04/2025,10:22:05,b'Received packet: 913,38.381945,21.817957,5/4/2025,7:22:7,13.24,279.18,-3.77,8,1013.70,27.00\r\n',
05/04/2025,10:22:06,b'Received packet: 914,38.381945,21.817957,5/4/2025,7:22:7,13.24,279.18,-2.71,8,1013.51,26.89\r\n',
05/04/2025,10:22:06,b'Received packet: 915,38.381938,21.817905,5\xba\xa1\xbfk5\x07S\xba>:22:8,17.63,261.95,-2.17,8,1013.58,26.81\r\n',,
05/04/2025,10:22:07,b'Received packet: 916,38.381938,21.817905,5/4/2025,7:22:8,17.63,261.95,-2.39,8,1013.54,26.65\r\n',
05/04/2025,10:22:07,b'Received packet: 917,38.381919,21.817840,5/4/2025,7:22:9,23.59,251.66,-1.59,8,1013.44,26.30\r\n',
05/04/2025,10:22:08,b'Received packet: 918,38.381896,21.817767,5/4/2025,7:22:10,24.48,246.59,-1.42,8,1013.42,26.13\r\n',
05/04/2025,10:22:09,b'Received packet: 919,38.381896,21.817767,5/4/2025,7:22:10,24.48,246.59,-1.51,8,1013.43,25.88\r\n',
05/04/2025,10:22:10,b'Received packet: 921,#(?2i\xfd8:;,21.817690,5/4/2025,7:22:11,27.72,241.55,-0.16,8,1013.27,25.59\r\n',
05/04/2025,10:22:10,b'Received packet: 922,38.381831,21.817609,5/4/2025,7:22:12,30.41,238.04,-1.67,8,1013.45,25.40\r\n',
05/04/2025,10:22:12,b'Received packet: 924,38.381797,21.817521,5/4/2025,7:22:13,31.47,241.80,-0.65,8,1013.33,25.04\r\n',
05/04/2025,10:22:12,b'Received packet: 925,38.381765,21.817428,5/4/2025,7:22:14,32.26,246.35,-1.67,8,1013.45,24.94\r\n',
05/04/2025,10:22:13,b'Received packet: 926,38.381765,21.817428,5/4/2025,7:22:14,32.26,246.35,-0.86,8,1013.35,24.76\r\n',
05/04/2025,10:22:13,b'Received packet: 927,38.381739,21.817329,5/4/2025,7:22:15,32.80,251.89,-1.32,8,1013.41,24.70\r\n',
05/04/2025,10:22:14,b'Received packet: 928,38.381739,21.817329,5/4/2025,7:22:15,32.80,251.89,-3.52,8,1013.67,24.66\r\n',
05/04/2025,10:22:15,b'Received packet: 929,38.381722,21.817227,5/4/2025,7:22:16,32.80,251.89,-2.63,8,1013.57,24.62\r\n',
05/04/2025,10:22:15,b'Received packet: 930,38.381712,21.817126,5/4/2025,7:22:17,31.45,263.08,-1.28,8,1013.40,24.60\r\n',
05/04/2025,10:22:16,b'Received packet: 931,38.381712,21.817126,5/4/2025,7:22:17,31.45,263.08,-2.08,8,1013.50,24.57\r\n',
05/04/2025,10:22:16,b'Received packet: 932,38.381704,21.817027,5/4/2025,7:22:18,31.39,263.92,-2.01,8,1013.49,24.56\r\n',
05/04/2025,10:22:17,b'Received packet: 933,38.381704,21.817027,5/4/2025,7:22:18,31.39,263.92,-1.04,8,1013.37,24.54\r\n',
05/04/2025,10:22:18,b'Received packet: 934,38.381696,21.816928,5/4/2025,7:22:19,31.24,265.52,-2.60,8,1013.56,24.52\r\n',
05/04/2025,10:22:18,b'Received packet: 935,38.381695,21.816830,5/4/2025,7:22:20,31.15,270.53,-1.81,8,1013.47,24.50\r\n',
05/04/2025,10:22:19,b'Received packet: 936,38.381695,21.816830,5/4/2025,7:22:20,31.15,270.53,-2.49,8,1013.55,24.48\r\n',
05/04/2025,10:22:19,b'Received packet: 937,38.381699,21.816733,5/4/2025,7:22:21,30.50,275.44,-1.87,8,1013.48,24.48\r\n',
05/04/2025,10:22:20,b'Received packet: 938,38.381699,21.816733,5/4/2025,7:22:21,30.50,275.44,-3.35,8,1013.65,24.47\r\n',
05/04/2025,10:22:20,b'Received packet: 939,38.381710,21.816637,5/4/2025,7:22:22,30.84,279.54,-3.24,8,1013.64,24.45\r\n',
05/04/2025,10:22:21,b'Received packet: 940,38.381710,21.816637,5/4/2025,7:22:22,30.84,279.54,-2.81,8,1013.59,24.44\r\n',
05/04/2025,10:22:22,b'Received packet: 941,38.381728,21.816541,5/4/2025,7:22:23,31.48,285.84,-2.54,8,1013.56,24.45\r\n',
05/04/2025,10:22:22,b'Received packet: 942,38.381753,21.816443,5/4/2025,7:22:24,32.93,289.29,-2.43,8,1013.50,24.44\r\n',
05/04/2025,10:22:23,b'Received packet: 943,38.381753,21.816443,5/4/2025,7:22:24,32.93,289.29,-2.67,8,1013.57,24.42\r\n',
05/04/2025,10:22:23,b'Received packet: \xb9\xbc\xbc,;8\xb7\xa3\x08Q7\x0b1,21.816342,5\x0f\x14-2025\xac=\xf2\x902\t26/34.00,289.78,-1.93,8,1013.48,24.41\r\n',,,
05/04/2025,10:22:24,b'Received packet: 945,38.381781,21.816342,5/4/2025,7:22:25,34.00,289.78,-2.64,8,1013.57,24.38\r\n',
05/04/2025,10:22:25,b'Received packet: 946,38.381812,21.816241,5/4/2025,7:22:26,34.26,292.12,-2.21,8,1013.52,24.39\r\n',
05/04/2025,10:22:28,b'Received packet: 9\x051\x1f08.381917,74+815944,%\x84\x95,;035\x8c\x95\xb00\xf2\xfa>\xf9 Z\xae\xd746,2\t\xb7/.!x-w\x1f7%,tl\x17T\x15\x13.\x06zi\x021\x8a>\x9f\r\n',,,,,,
05/04/2025,10:22:29,b'Received packet: 953,38.381957,21.815847,5/4/2025,7:22:30,34.87,296.64,-2.23,8,1013.52,24.00\r\n',
05/04/2025,10:22:29,b'Received packet: 954,38.381996,21.815746,5/4/2025,7:22:31,35.06,296.42,-2.02,8,1013.49,23.97\r\n',
05/04/2025,10:22:30,b'Received packet: 955,38.381996,21.815746,5/4/2025,7:22:31,35.06,2\xb9\xb6\xaep>,-2.57,8,1013.56,23.89\r\n',
05/04/2025,10:22:31,b'Received packet: \xa9\x96\x04\x1538.3\xb83 vy(rqnhsp\x91\xb6\xb2\xa45\xaf\xac62:R\x95,792\xf2>S\x7f,35.04,290.96,-0\xbe7\x91\x1cA\x1b\xca\xb0:U(\x156,23.89\r\n',,,,,,
05/04/2025,10:22:32,b'Received packet: 959,38.38209uhr1*815435,5/4/2025,7:22:34,35.41,284.83,-0.\xb5\xb4,0\xb5\xa1\xa083.\xb31,23.68\r\n',,,
05/04/2025,10:22:43,b'Received packet: 977,38.381967,21.814226,5/4/2025,7:22:44,39.82,238.53,-2.86,7h1453.59,22.95\r\n',,
05/04/2025,10:23:04,b'Received packet: \x01\x18\x93\x1a,SX.5\xe7\xc9S\xad^\x0b\xc3m\xb1M:\xa7\x88\xecXA{M\x1b\x00\xf5k\xda&\xd9\x89\xad\xecY*\x04A\xed\x92\x00x\xbbU\xba\x94\xc9\x8e7\xf2\xd0\x143 \x03\x8b-*$\xa3\xbaR\x02\x1dPtd\xf1\x9dr\\\x1a\r\n',,,,,,,,,,
05/04/2025,10:25:44,b'Received packet: 1284,38.380044,21.811955,5/4/2025,7:25:43,34.58,51.65,-11.76,7,1014.66,19.82\r\n',
05/04/2025,10:25:46,b'Received packet: 1288,38.380218,21.812179,5/4/2025,7:25:46,29.71,45.70,-7.62,7,1014.17,20.09\r\n',
05/04/2025,10:25:50,b'Received packet: 1294,38.380415,21.812377,5/4/2025,7:25:49,34.28,37.82,-33.01,8,1017.22,20.58\r\n',
05/04/2025,10:25:51,b'Received packet: q4uv(\x132\x0e1\x0805\xb5=\xa4\xba\xf9\x8e8\xf12510,U)4)2025\xbc7:25:51,35/26,37.34,-2c.66,8,1016.10,20.63\r\n',,,,
05/04/2025,10:25:52,b'Received packet: 1298,"9.380627\x8c8W(>12580j5+p/2025,7:2\xa5\xa3<2,36\x8e\x98\x98\x8c\xa3\xe7\xee25,-21.4\x98&9, 115.83,>0.56\r\n',,,,,
05/04/2025,10:25:53,b'Received packet: QRY9:18.3\x98\x90<27,21\x1e\x18\x112580,6/\x04\xef2025,7zRUZ54,36.28,37.25,-19.55,8,1015.60)20.46\r\n',,,
05/04/2025,10:25:53,b'Received packet: 1300,38.380701,21.812650,5/4/2025,7:25:53,36.45,37.60,-10.38,8,1014.50,20.44\r\n',
05/04/2025,10:25:55,b'Received packet: 1302,38.380773,21.812722,5/4/2025,7:25:54,36.73,37.96,-12.17,8,1014.71,20.23\r\n',
05/04/2025,10:25:55,b'Received packet: 1303,38.380844,21.812795,5/4/2025,7:25:55,36.58,39.14,-9.85,8,1014.43,20.15\r\n',
05/04/2025,10:25:56,b'Received packet: 1305,38.380915,21.812870,5/4/2025,7:25:56,37.08,40.08,-10.33,8,1014.49,19.96\r\n',
05/04/2025,10:25:58,b'Received packet: 1307,38.380986,21.812948,5/4/2025,7:25:57,37.60,41.18,-11.50,8,1014.63,19.:\x17\r\n',
05/04/2025,10:25:59,b'Received packet: 1309,\xff\xf8"?810\x95<,\x921.813030,5/4/2025,7:25:58,37.78,42.67,-51.58,8,1014.64,19.78\r\n',
05/04/2025,10:26:00,b'Received packet: 1311,38.381124,21.813113,5/4/2025,7:25:59,38.11,43.82,-12.25,8,1014.72,19.64\r\n',
05/04/2025,10:26:01,b'Received packet: 1313,38.381264,21.813283,5/4/2025,7:26:1,38.69,44.55,-25.23,8,1016.28,20.11\r\n',
05/04/2025,10:26:02,b'Received packet: 1314L34.381264,21.813283,5/4/202\xa5,\xa7:26:1,38.69,44.55,-24.81,\x08,20\x91\xac\xbe80,20.24\r\n',,
05/04/2025,10:26:05,b'Received packet: 1320,38.381540,21.813638,6/4/2025,7:26:5(39.17,46.49,-28.74,8,1016.71,20.61\r\n',,
05/04/2025,10:26:06,b'Received packet: 1#20-38.381540,21.813638,5/4/2025,7:26:5,39.17,46.49,-33.21,8,1017.24,20.83\r\n',,
05/04/2025,10:26:06,b'Received packet: 1322,38.381607,21.813729,5/4/2025,7:26:6,38.89,47.94,-1\x96.06,7,1015.18,20.\xb9\xa4\r\n',
05/04/2025,10:26:07,b'Received packet: 1323,38.\x93\x98\x9b607,21/813729,5/4/2025,7:26:6,38.89,47.94,-20.01,7,1015.66,20.81\r\n',
05/04/2025,10:26:08,b'Received packet: 1324,38.381672,21.813824,5/4/2025,7:26:7,39.32,49.07,-26.67,7,1016.46,20.56\r\n',
05/04/2025,10:26:08,b'Received packet: 1325,38.381734,21.813919,5/4/2025,7:26:8,38.71,51.32,-17.77,7,1015.39,20.62\r\n',
05/04/2025,10:26:09,b'Received packet: 1326,38.381734,21.813919,5/4/2025,7:26:8,38.71,51.32,-20.88,7,1015.76,20.85\r\n',
05/04/2025,10:26:09,b'Received packet: 1327,38.381793,21.814017,5/4/2025,7:26:9,38.52,53.11,-16.94,7,1015.29,21.01\r\n',
05/04/2025,10:26:10,b'Received packet: 1328,38.381793,21.814017,5/4/2025,7:26:9,38.52,53.11,-20.69,7,1015.74,21.10\r\n',
05/04/2025,10:26:11,b'Received packet: 1330,38.381905,21.814215,5/4/2025,7:26:11,37.82,55.49,-14.82,7,1015.03,21.07\r\n',
05/04/2025,10:26:12,b'Received packet: 1331,38.381905,21.814215,5/4/2025,7:26:11,37.82,55.49,-13.48,7,1014.87,20.89\r\n',
05/04/2025,10:26:14,b'Received packet: 1334,38.381988,21.814423,5/\xbc/2025,7:26:13,36.35,67.62,-13.82,7,1014.\t2\x1c10.59\r\n',,
05/04/2025,10:26:14,b'Received packet: 1335,38.382014,21.814534,5/4/2025,7:26:14,36.78,74.07,-13.53,7,1014.88,20.44\r\n',
05/04/2025,10:26:15,b'Received packet: 1336,38.382014,21.814534,5/4/2025,7:26:14,36.78,74.07,-13.93,7,1014.92,20.38\r\n',
05/04/2025,10:26:15,b'Received packet: 1337,38.382035,21.814650,5/4/2025,7:26:15,37.60,78.64,-14.41,8,1014.98,20.28\r\n',
05/04/2025,10:26:16,b'Received packet: 1338,38.382035,21.814650,5/4/2025,7:26:15,37.60,78.64,-15.09,8,1015.06,20.17\r\n',
05/04/2025,10:26:16,b'Received packet: 1339,38.3820\xb5\xb3\x9d0;\x00p\x11.\x067\x02\xbcjI\x98\x8av&f=,7:\x02\x05)\x03T\xd0f\xad\x04\xb5\x91$\x93\xfb\xe2\x92t\xa0\xb1u\xe9?co)mK\x041=\x13\xee`t\xc0\x90\x95H;\x8c\r\n',,,,,,,,,
05/04/2025,10:26:17,b'Received packet: 1340,38.382050,21.814771,5/4/2025,7:26:16,38.69,81.84,-14.56,8,1015.00,20.02\r\n',
05/04/2025,10:26:18,b'Received packet: 1341,38.382060,21.814894,5/4/2025,7:26:17,39.21,84.60,=04.a\xfc\xac\xb0\xac98\xf14.99,19.91\r\n',,,
05/04/2025,10:26:18,b'Received packet: !#$#<3h.\x17\xf2\xba\xde\xae\xa7\xa5:\x90\xb8\xab\xcdi\x06WX\xbf5/\xa4.757p(1p\xfe\xca5\xa2\x91\x8a\xc3\xf3\x0e\xf68\x0e\xf80"15%%1\xa4.\xa5\x05\x8c\xda\xa4Q\x92\x9b5\x82P\xec\xf7\x95(\xbe,1\r\n',,,,,,,,,,
05/04/2025,10:26:30,b'Received packet: 1362,38.381735,21.816340,5/4/2025,7:26:30,39.11,110.86,-15.01,8,1015.05,18.65\r\n',
05/04/2025,10:26:31,b'Received packet: 1363,38.381735,21.816340,5/4/2025,7:26:30,39.11,110.86,-14.00,8,1014.93,18.59\r\n',
05/04/2025,10:26:31,b'Received packet: 1364,38.381704,21.816455,5/4/2025,7:26:31,38.26,108.12,-12.62,8,1014.77,18.59\r\n',
05/04/2025,10:26:32,b'Received packet: 1365,38.381704,21.816455,5/4/2025,7:26:31,38.26,108.12,-13.38,8,1014.86,18.64\r\n',
05/04/2025,10:26:32,b'Received packet: 1\xb36~\xbc\x931\xbeca1:\r0/21.81\xb65\xbb<,68$\x19\xa10\x025l7z6\x14\x18\x110,37.?5,103.73,-12.58,8,1014.76,18.69\r\n',,,,
05/04/2025,10:26:33,b'Received packet: 1367,38.381680,21.816570,5/4/2025,7:26:32,37.39,103.73,-13.03,8,1014.82,18.83\r\n',
05/04/2025,10:26:34,b'Received packet: 1368,38.381661,21.816685,5/4/2025,7:26:33,36.56,100.88,-13.04,8,1014.82,18.92\r\n',
05/04/2025,10:26:35,b'Received packet: 1370,38.381648,21.816799,5/4/2025,7:26:34,36.10,97.05,-12.69,8,1014.78,19.05\r\n',
05/04/2025,10:26:35,b'Received packet: 1371,38.381642,21.816913,5/4/2025,7:26:35,35.35,92.23,-13.64,8,1014.89,19.11\r\n',
05/04/2025,10:26:36,b"Received packet: 1372,38.381643=#8\x8e\x98\x9b<913\x1c6\xb6=\xbc2\xa0;)\xbd'\xa326:3%%s\xf5\x8bYS\x86UT(43,- \x13.5\x11.8,1014.X7\x8c7_}\x025\r\n",,,,,,,,
05/04/2025,10:26:37,b'Received packet: 1373,38.381644,21.817026,5/4/2025,7:26:36,35.37,86.75,-14.05,8,1014.94,19.21\r\n',
05/04/2025,10:26:37,b'Received packet: 1374,38.381653,21.817138,5/4/2025,7:26:37,35.21,83.29,-14.30,8,1014.97,19.14\r\n',
05/04/2025,10:26:38,b'Received packet: 1375,38.381653,21.817138,5/4/2025,7:26:37,35.21,83.29,-14.37,8,1014.98,19.09\r\n',
05/04/2025,10:26:38,b'Received packet: 1376,38.381668,21.817247,5/4/2025,7:26:38,34.61,78.79,-14.63,8,1015.01,19.07\r\n',
05/04/2025,10:26:39,b'Received packet: 1377,38.381668,21.817247,5/4/2025,7:26:38,34.61,78.79,-14.30,8,1014.97,19.03\r\n',
05/04/2025,10:26:40,b'Received packet: 1378,38.381689,21.817351,5/4/2025,7:26:39,33.00,73.90,-14.17,8,1014.95,19.03\r\n',
05/04/2025,10:26:40,b'Received packet: 1379,38.381715,21.817447,5/4/2025,7:26:40,31.54,70.01,-14.16,8,1014.95,19.06\r\n',
05/04/2025,10:26:41,b'Received packet: 1380,38.381715,21.817447,5/4/2025,7:26:40,31.54,70.01,-14.33,8,1014.97,19.11\r\n',
05/04/2025,10:26:41,b'Received packet: 1381,38.381745,21.817536,5/4/2025,7:26:41,30.06,65.70,-13.65,8,1014.89,19.23\r\n',
