0,0,0.000000,0.000000,0/0/2000,0:0:0,0.00,0.00,0.00,0,1025.68,20.01
1,1,0.000000,0.000000,0/0/2000,0:0:0,0.00,0.00,0.00,0,1025.63,19.95
2,2,0.000000,0.000000,0/0/2000,0:0:0,0.00,0.00,0.00,0,1025.64,19.91
3,3,0.000000,0.000000,0/0/2000,0:0:0,0.00,0.00,0.00,0,1025.59,19.90
4,4,0.000000,0.000000,0/0/2000,8:4:28,0.00,0.00,0.00,0,1025.59,19.88
5,5,0.000000,0.000000,0/0/2000,8:4:29,0.00,0.00,0.00,0,1025.61,19.89
6,6,0.000000,0.000000,0/0/2000,8:4:30,0.00,0.00,0.00,0,1025.60,19.92
7,7,0.000000,0.000000,0/0/2000,8:4:31,0.00,0.00,0.00,0,1025.62,19.91
8,8,0.000000,0.000000,0/0/2000,8:4:32,0.00,0.00,0.00,0,1025.65,19.91
9,9,0.000000,0.000000,0/0/2000,8:4:34,0.00,0.00,0.00,0,1025.68,19.92
10,10,0.000000,0.000000,0/0/2000,8:4:35,0.00,0.00,0.00,0,1025.63,19.91
11,11,0.000000,0.000000,0/0/2000,8:4:36,0.00,0.00,0.00,0,1025.62,19.93
12,12,0.000000,0.000000,0/0/2000,8:4:37,0.00,0.00,0.00,0,1025.65,19.92
13,13,0.000000,0.000000,0/0/2000,8:4:38,0.00,0.00,0.00,0,1025.62,19.91
14,14,0.000000,0.000000,0/0/2000,8:4:39,0.00,0.00,0.00,0,1025.63,19.95
15,15,0.000000,0.000000,0/0/2000,8:4:41,0.00,0.00,0.00,0,1025.64,20.00
16,16,0.000000,0.000000,0/0/2000,8:4:42,0.00,0.00,0.00,0,1025.61,20.03
17,17,0.000000,0.000000,0/0/2000,8:4:43,0.00,0.00,0.00,0,1025.64,20.02
18,18,0.000000,0.000000,0/0/2000,8:4:44,0.00,0.00,0.00,0,1025.66,20.06
19,19,0.000000,0.000000,0/0/2000,8:4:45,0.00,0.00,0.00,0,1025.62,20.07
20,20,0.000000,0.000000,1/3/2025,8:4:46,0.00,0.00,0.00,0,1025.61,20.07
21,21,0.000000,0.000000,1/3/2025,8:4:48,0.00,0.00,0.00,0,1025.61,20.06
22,22,0.000000,0.000000,1/3/2025,8:4:49,0.00,0.00,0.00,0,1025.63,20.03
23,23,0.000000,0.000000,1/3/2025,8:4:50,0.00,0.00,0.00,0,1025.58,20.01
24,24,0.000000,0.000000,1/3/2025,8:4:50,0.00,0.00,0.00,0,1025.61,20.01
25,25,0.000000,0.000000,1/3/2025,8:4:52,0.00,0.00,0.00,0,1025.64,20.02
26,26,0.000000,0.000000,1/3/2025,8:4:53,0.00,0.00,0.00,0,1025.64,20.02
27,27,0.000000,0.000000,1/3/2025,8:4:55,0.00,0.00,0.00,0,1025.62,20.09
28,28,38.331070,21.768208,1/3/2025,8:4:55,0.02,0.00,0.00,0,1025.64,20.08
29,29,38.331070,21.768214,1/3/2025,8:4:57,0.02,0.00,2.80,6,1025.61,20.06
30,30,38.331070,21.768214,1/3/2025,8:4:57,0.02,0.00,2.80,6,1025.62,20.04
31,31,38.331070,21.768214,1/3/2025,8:4:57,0.02,0.00,2.80,6,1025.59,20.07
32,32,38.331068,21.768224,1/3/2025,8:5:1,0.07,0.00,2.80,6,1025.59,20.11
33,33,38.331070,21.768227,1/3/2025,8:5:2,0.09,0.00,4.30,6,1025.59,20.11
34,34,38.331070,21.768228,1/3/2025,8:5:3,0.06,0.00,4.30,7,1025.62,20.12
35,35,38.331070,21.768228,1/3/2025,8:5:3,0.06,0.00,4.30,7,1025.62,20.10
36,36,38.331070,21.768228,1/3/2025,8:5:3,0.06,0.00,4.30,7,1025.61,20.11
37,37,38.331070,21.768228,1/3/2025,8:5:3,0.06,0.00,4.30,7,1025.58,20.11
38,38,38.331077,21.768232,1/3/2025,8:5:8,0.04,0.00,4.00,7,1025.58,20.12
39,39,38.331077,21.768232,1/3/2025,8:5:9,0.09,0.00,4.10,7,1025.58,20.15
40,40,38.331078,21.768232,1/3/2025,8:5:10,0.09,0.00,4.10,7,1025.59,20.14
41,41,38.331078,21.768232,1/3/2025,8:5:10,0.09,0.00,4.10,7,1025.60,20.15
42,42,38.331078,21.768232,1/3/2025,8:5:10,0.09,0.00,4.10,7,1025.59,20.13
43,43,38.331082,21.768235,1/3/2025,8:5:14,0.07,0.00,4.10,7,1025.58,20.13
44,44,38.331082,21.768235,1/3/2025,8:5:15,0.06,0.00,4.30,7,1025.59,20.09
45,45,38.331082,21.768235,1/3/2025,8:5:16,0.06,0.00,4.30,7,1025.60,20.09
46,46,38.331082,21.768235,1/3/2025,8:5:16,0.06,0.00,4.30,7,1025.66,20.08
47,47,38.331082,21.768235,1/3/2025,8:5:16,0.06,0.00,4.30,7,1025.63,20.07
48,48,38.331084,21.768233,1/3/2025,8:5:20,0.15,0.00,4.30,7,1025.64,20.05
49,49,38.331083,21.768229,1/3/2025,8:5:21,0.06,0.00,4.20,9,1025.62,20.06
50,50,38.331084,21.768227,1/3/2025,8:5:22,0.17,0.00,4.10,9,1025.61,20.04
51,51,38.331084,21.768227,1/3/2025,8:5:22,0.17,0.00,4.10,9,1025.64,20.07
52,52,38.331084,21.768227,1/3/2025,8:5:22,0.17,0.00,4.10,9,1025.61,20.03
53,53,38.331084,21.768227,1/3/2025,8:5:22,0.17,0.00,4.10,9,1025.62,20.04
54,54,38.331087,21.768216,1/3/2025,8:5:27,0.09,0.00,3.30,9,1025.61,20.02
55,55,38.331087,21.768215,1/3/2025,8:5:28,0.02,0.00,3.30,9,1025.63,20.02
56,56,38.331087,21.768215,1/3/2025,8:5:29,0.02,0.00,3.20,9,1025.63,20.05
57,57,38.331087,21.768215,1/3/2025,8:5:29,0.02,0.00,3.20,9,1025.62,20.07
58,58,38.331087,21.768215,1/3/2025,8:5:29,0.02,0.00,3.20,9,1025.64,20.09
59,59,38.331086,21.768211,1/3/2025,8:5:33,0.09,0.00,3.20,9,1025.67,20.15
60,60,38.331085,21.768211,1/3/2025,8:5:34,0.04,0.00,3.20,10,1025.62,20.13
61,61,38.331085,21.768210,1/3/2025,8:5:35,0.04,0.00,3.10,10,1025.58,20.16
62,62,38.331085,21.768210,1/3/2025,8:5:35,0.04,0.00,3.10,10,1025.58,20.17
63,63,38.331085,21.768210,1/3/2025,8:5:35,0.04,0.00,3.10,10,1025.58,20.16
65,65,38.331084,21.768208,1/3/2025,8:5:40,0.06,0.00,3.70,10,1025.57,20.17
66,66,38.331084,21.768208,1/3/2025,8:5:41,0.06,0.00,3.70,10,1025.58,20.17
67,67,38.331084,21.768208,1/3/2025,8:5:41,0.06,0.00,3.70,10,1025.59,20.16
68,68,38.331084,21.768208,1/3/2025,8:5:41,0.06,0.00,3.70,10,1025.54,20.12
69,69,38.331084,21.768207,1/3/2025,8:5:45,0.04,0.00,3.70,10,1025.62,20.10
70,70,38.331084,21.768206,1/3/2025,8:5:46,0.00,0.00,4.10,10,1025.61,20.08
71,71,38.331082,21.768207,1/3/2025,8:5:47,1.22,146.54,4.10,10,1025.63,20.08
72,72,38.331082,21.768207,1/3/2025,8:5:47,1.22,146.54,4.10,10,1025.68,20.08
73,73,38.331082,21.768207,1/3/2025,8:5:47,1.22,146.54,4.10,10,1026.94,20.03
74,74,38.331082,21.768207,1/3/2025,8:5:47,1.22,146.54,4.10,10,1026.01,20.17
75,75,38.331080,21.768198,1/3/2025,8:5:52,0.54,128.88,4.80,9,1025.70,19.96
76,76,38.331080,21.768196,1/3/2025,8:5:53,0.87,128.88,5.10,10,1025.65,19.92
77,77,38.331080,21.768196,1/3/2025,8:5:53,0.87,128.88,5.10,10,1025.71,19.95
78,78,38.331080,21.768196,1/3/2025,8:5:53,0.87,128.88,5.10,10,1025.66,19.84
79,79,38.331080,21.768196,1/3/2025,8:5:53,0.87,128.88,5.10,10,1025.67,19.71
80,80,38.331069,21.768207,1/3/2025,8:5:58,1.41,192.56,5.90,10,1025.76,19.69
81,81,38.331066,21.768203,1/3/2025,8:5:59,1.37,192.56,5.70,10,1025.71,19.69
82,82,38.331066,21.768203,1/3/2025,8:5:59,1.37,192.56,5.70,10,1025.75,19.68
83,83,38.331066,21.768203,1/3/2025,8:5:59,1.37,192.56,5.70,10,1025.73,19.66
84,84,38.331066,21.768203,1/3/2025,8:5:59,1.37,192.56,5.70,10,1025.71,19.63
85,85,38.331070,21.768170,1/3/2025,8:6:4,2.50,261.52,4.10,10,1025.70,19.62
86,86,38.331069,21.768164,1/3/2025,8:6:5,1.02,261.52,4.00,10,1025.70,19.60
87,87,38.331069,21.768164,1/3/2025,8:6:5,1.02,261.52,4.00,10,1025.72,19.62
88,88,38.331069,21.768164,1/3/2025,8:6:5,1.02,261.52,4.00,10,1025.72,19.60
89,89,38.331069,21.768164,1/3/2025,8:6:5,1.02,261.52,4.00,10,1025.76,19.62
90,90,38.331073,21.768150,1/3/2025,8:6:10,0.57,258.63,4.60,10,1025.79,19.65
91,91,38.331075,21.768144,1/3/2025,8:6:11,1.11,258.63,4.70,10,1025.79,19.60
92,92,38.331075,21.768144,1/3/2025,8:6:11,1.11,258.63,4.70,10,1025.75,19.63
93,93,38.331075,21.768144,1/3/2025,8:6:11,1.11,258.63,4.70,10,1025.73,19.60
94,94,38.331075,21.768144,1/3/2025,8:6:11,1.11,258.63,4.70,10,1025.80,19.55
95,95,38.331071,21.768147,1/3/2025,8:6:16,0.85,226.38,4.10,10,1025.77,19.46
96,96,38.331071,21.768145,1/3/2025,8:6:17,1.06,226.38,4.30,10,1025.71,19.48
97,97,38/331071,21.768145,1/3/2025,8:6:17,1.06,226.38,4.30,10,1025.90,19.53
98,98,38.331071,21.768145,1/3/2025,8:6:17,1.06,226.38,4.30,10,1025.75,19.58
99,99,38.331071,21.768145,1/3/2025,8:6:17,1.06,226.38,4.30,10,1025.74,19.59
100,100,38.331054,21.768120,1/3/2025,8:6:22,3.00,240.80,4.20,11,1025.76,19.63
101,101,38.331051,21.768112,1/3/2025,8:6:23,1.83,243.94,4.20,11,1025.75,19.63
102,102,38.331051,21.768112,1/3/2025,8:6:23,1.83,243.94,4.20,11,1025.74,19.69
103,103,38.331051,21.768112,1/3/2025,8:6:23,1.83,243.94,4.20,11,1025.78,19.75
104,104,38.331031,21.768077,1/3/2025,8:6:27,4.98,239.71,4.20,11,1026.08,19.85
105,105,38.331029,21.768065,1/3/2025,8:6:28,3.83,245.39,4.90,11,1026.05,19.94
106,106,38.331025,21.768060,1/3/2025,8:6:29,3.83,245.39,4.90,11,1026.02,19.99
107,107,38.331025,21.768060,1/3/2025,8:6:29,3.83,245.39,4.90,11,1025.99,20.08
108,108,38.331025,21.768060,1/3/2025,8:6:29,3.83,245.39,4.90,11,1025.95,20.17
109,109,38.331022,21.768018,1/3/2025,8:6:33,3.93,273.90,4.90,11,1025.74,20.23
111,111,38.331021,21.767998,1/3/2025,8:6:35,3.07,271.58,5.20,11,1025.68,20.25
112,112,38.331021,21.767998,1/3/2025,8:6:35,3.07,271.58,5.20,11,1025.68,20.22
113,113,38.331021,21.767998,1/3/2025,8:6:35,3.07,271.58,5.20,11,1025.70,20.17
114,114,38.331031,21.767953,1/3/2025,8:6:39,3.76,286.50,3.60,11,1025.72,20.10
115,115,38.331034,21.767941,1/3/2025,8:6:40,4.07,285.22,3.40,11,1025.67,20.00
116,116,38.331034,21.767941,1/3/2025,8:6:40,4.07,285.22,3.40,11,1025.71,19.89
117,117,38.331034,21.767941,1/3/2025,8:6:40,4.07,285.22,3.40,11,1025.75,19.75
118,118,38.331059,21.767904,1/3/2025,8:6:44,2.87,314.17,3.40,11,1025.72,19.54
119,119,38.331064,21.767898,1/3/2025,8:6:45,2.57,313.42,2.70,10,1025.76,19.53
120,120,38.331069,21.767888,1/3/2025,8:6:46,2.57,313.42,3.20,10,1025.73,19.56
121,121,38.331069,21.767888,1/3/2025,8:6:46,2.57,313.42,3.20,10,1025.76,19.53
122,122,38.331069,21.767888,1/3/2025,8:6:46,2.57,313.42,3.20,10,1025.74,19.54
123,123,38.331106,21.767861,1/3/2025,8:6:50,2.67,340.06,3.20,10,1025.75,19.42
124,124,38.331113,21.767859,1/3/2025,8:6:51,2.78,342.41,3.00,11,1025.78,19.17
125,125,38.331113,21.767859,1/3/2025,8:6:51,2.78,342.41,3.00,11,1025.77,19.16
126,126,38.331113,21.767859,1/3/2025,8:6:51,2.78,342.41,3.00,11,1026.99,19.20
127,127,38.331113,21.767859,1/3/2025,8:6:51,2.78,342.41,3.00,11,1025.80,19.20
128,128,38.331159,21.767840,1/3/2025,8:6:56,3.28,343.13,3.30,11,1025.82,19.13
129,129,38.331163,21.767839,1/3/2025,8:6:57,1.00,343.13,3.20,11,1025.82,19.03
130,130,38.331163,21.767839,1/3/2025,8:6:57,1.00,343.13,3.20,11,1025.84,18.97
131,131,38.331163,21.767839,1/3/2025,8:6:57,1.00,343.13,3.20,11,1025.76,18.95
132,132,38.331197,21.767826,1/3/2025,8:7:1,3.82,341.92,3.20,11,1025.77,18.98
133,133,38.331205,21.767822,1/3/2025,8:7:2,2.93,340.64,3.10,11,1025.75,19.04
135,135,38.331213,21.767816,1/3/2025,8:7:3,2.93,340.64,3.20,11,1025.79,18.97
136,136,38.331213,21.767816,1/3/2025,8:7:3,2.93,340.64,3.20,11,1025.83,19.00
137,137,38.331259,21.767776,1/3/2025,8:7:7,4.13,328.74,3.20,11,1025.80,19.03
138,138,38.331266,21.767773,1/3/2025,8:7:8,2.96,336.05,4.00,11,1025.83,18.98
139,139,38.331271,21.767770,1/3/2025,8:7:9,2.96,336.05,3.80,11,1025.79,18.98
141,141,38.331271,21.767770,1/3/2025,8:7:9,2.96,336.05,3.80,11,1025.81,18.97
142,142,38.331305,21.767748,1/3/2025,8:7:13,6.20,326.85,3.80,11,1025.77,18.97
143,143,38.331318,21.767736,1/3/2025,8:7:14,6.80,326.11,4.30,11,1025.80,19.03
144,144,38.331331,21.767728,1/3/2025,8:7:15,6.80,326.11,4.30,11,1025.82,18.94
145,145,38.331331,21.767728,1/3/2025,8:7:15,6.80,326.11,4.30,11,1025.86,18.88
146,146,38.331331,21.767728,1/3/2025,8:7:15,6.80,326.11,4.30,11,1025.86,18.82
147,147,38.331367,21.767707,1/3/2025,8:7:19,3.83,335.26,4.50,11,1025.86,18.74
148,148,38.331375,21.767703,1/3/2025,8:7:20,3.63,337.07,4.50,11,1025.85,18.69
149,149,38.331375,21.767703,1/3/2025,8:7:20,3.63,337.07,4.50,11,1025.85,18.71
150,150,38.331375,21.767703,1/3/2025,8:7:20,3.63,337.07,4.50,11,1025.88,18.63
151,151,38.331375,21.767703,1/3/2025,8:7:20,3.63,337.07,4.50,11,1025.84,18.61
152,152,38.331426,21.767682,1/3/2025,8:7:25,4.69,337.26,5.40,11,1025.81,18.67
153,153,38.331437,21.767677,1/3/2025,8:7:26,5.00,340.67,5.40,11,1025.82,18.73
154,154,38.331437,21.767677,1/3/2025,8:7:26,5.00,340.67,5.40,11,1025.80,18.79
155,155,38.331437,21.767677,1/3/2025,8:7:26,5.00,340.67,5.40,11,1025.77,18.84
156,156,38.331476,21.767647,1/3/2025,8:7:30,3.48,316.56,5.40,11,1025.82,18.82
157,157,38.331486,21.767642,1/3/2025,8:7:31,3.76,326.98,5.70,11,1025.80,18.66
158,158,38.331496,21.767639,1/3/2025,8:7:32,3.76,326.98,6.10,11,1025.78,18.62
162,162,38.331548,21.767593,1/3/2025,8:7:37,5.13,323.83,5.40,11,1025.80,18.27
164,164,38.331548,21.767593,1/3/2025,8:7:37,5.13,323.83,5.40,11,1025.83,18.15
165,165,38.331565,21.767541,1/3/2025,8:7:41,4.85,279.11,5.40,11,1025.84,18.08
166,166,38.331564,21.767525,1/3/2025,8:7:42,4.70,272.23,5.60,11,1025.87,18.00
169,169,38.331564,21.767512,1/3/2025,8:7:43,4.70,272.23,5.60,11,1025.85,17.91
170,170,38.331556,21.767461,1/3/2025,8:7:47,4.43,257.72,5.60,11,1025.82,17.91
171,171,38.331553,21.767452,1/3/2025,8:7:48,4.33,256.99,5.50,11,1025.83,17.92
172,172,38.331550,21.767440,1/3/2025,8:7:49,4.33,256.99,5.70,11,1025.81,17.97
173,173,38.331550,21.767440,1/3/2025,8:7:49,4.33,256.99,5.70,11,1025.78,17.99
175,175,38.331537,21.767396,1/3/2025,8:7:53,2.35,243.22,5.90,10,1025.80,18.00
177,177,38.331531,21.767388,1/3/2025,8:7:54,4.13,232.73,5.80,10,1025.79,18.02
178,178,38.331531,21.767388,1/3/2025,8:7:54,4.13,232.73,5.80,10,1025.86,17.97
179,179,38.331521,21.767401,1/3/2025,8:7:58,1.59,232.73,5.80,10,1025.84,18.00
180,180,38.331519,21.767399,1/3/2025,8:7:59,0.70,232.73,8.30,9,1025.84,17.94
182,182,38.331521,21.767402,1/3/2025,8:8:0,0.70,232.73,8.80,10,1025.72,17.90
183,183,38.331521,21.767402,1/3/2025,8:8:0,0.70,232.73,8.80,10,1025.70,17.80
184,184,38.331499,21.767404,1/3/2025,8:8:4,2.46,232.73,8.80,10,1025.71,17.80
185,185,38.331496,21.767399,1/3/2025,8:8:5,2.06,232.73,8.20,10,1025.68,17.77
186,186,38.331497,21.767399,1/3/2025,8:8:6,2.06,232.73,8.70,10,1025.69,17.81
187,187,38.331497,21.767399,1/3/2025,8:8:6,2.06,232.73,8.70,10,1025.85,17.83
188,188,38.331497,21.767399,1/3/2025,8:8:6,2.06,232.73,8.70,10,1025.60,17.82
189,189,38.331507,21.767401,1/3/2025,8:8:10,3.00,263.74,8.70,10,1025.57,17.82
190,190,38.331508,21.767402,1/3/2025,8:8:11,2.26,263.74,12.90,10,1025.58,17.81
191,191,38.331513,21.767412,1/3/2025,8:8:12,2.26,263.74,14.00,10,1025.56,17.85
192,192,38.331513,21.767412,1/3/2025,8:8:12,2.26,263.74,14.00,10,1025.52,17.88
193,193,38.331513,21.767412,1/3/2025,8:8:12,2.26,263.74,14.00,10,1025.51,17.93
194,194,38.331511,21.767432,1/3/2025,8:8:16,3.41,257.28,15.40,10,1025.42,17.90
195,195,38.331510,21.767433,1/3/2025,8:8:17,2.00,257.28,15.60,10,1025.37,17.91
196,196,38.331510,21.767433,1/3/2025,8:8:17,2.00,257.28,15.60,10,1025.34,17.88
197,197,38.331510,21.767433,1/3/2025,8:8:17,2.00,257.28,15.60,10,1025.37,17.89
198,198,38.331505,21.767450,1/3/2025,8:8:21,0.76,257.28,15.60,10,1025.39,17.93
199,199,38.331504,21.767453,1/3/2025,8:8:22,1.00,257.28,15.80,11,1025.37,17.95
200,200,38.331502,21.767449,1/3/2025,8:8:23,1.00,257.28,14.90,11,1025.26,17.97
201,201,38.331502,21.767449,1/3/2025,8:8:23,1.00,257.28,14.90,11,1025.19,17.97
202,202,38.331502,21.767449,1/3/2025,8:8:23,1.00,257.28,14.90,11,1025.17,18.01
203,203,38.331499,21.767458,1/3/2025,8:8:27,1.39,257.28,14.30,11,1025.12,18.06
204,204,38.331499,21.767459,1/3/2025,8:8:28,1.39,257.28,13.90,11,1025.21,17.94
205,205,38.331499,21.767459,1/3/2025,8:8:28,1.39,257.28,13.90,11,1025.13,17.92
206,206,38.331499,21.767459,1/3/2025,8:8:28,1.39,257.28,13.90,11,1025.07,17.94
207,207,38.331499,21.767459,1/3/2025,8:8:28,1.39,257.28,13.90,11,1025.07,17.99
208,208,38.331512,21.767457,1/3/2025,8:8:33,1.65,351.24,15.50,11,1025.02,18.04
209,209,38.331513,21.767453,1/3/2025,8:8:34,1.65,351.24,15.80,11,1024.99,18.04
210,210,38.331513,21.767453,1/3/2025,8:8:34,1.65,351.24,15.80,11,1024.99,18.09
211,211,38.331513,21.767453,1/3/2025,8:8:34,1.65,351.24,15.80,11,1025.00,18.16
212,212,38.331506,21.767405,1/3/2025,8:8:38,1.15,113.28,15.80,11,1024.95,18.15
213,213,38.331503,21.767403,1/3/2025,8:8:39,0.72,113.28,14.00,11,1025.00,18.15
214,214,38.331503,21.767403,1/3/2025,8:8:39,0.72,113.28,14.00,11,1024.93,18.24
215,215,38.331503,21.767403,1/3/2025,8:8:39,0.72,113.28,14.00,11,1024.74,18.27
216,216,38.331503,21.767403,1/3/2025,8:8:39,0.72,113.28,14.00,11,1024.89,18.33
217,217,38.331482,21.767387,1/3/2025,8:8:44,1.00,159.43,11.80,11,1024.78,18.39
218,218,38.331480,21.767385,1/3/2025,8:8:45,1.50,205.70,12.00,11,1024.70,18.49
219,219,38.331480,21.767385,1/3/2025,8:8:45,1.50,205.70,12.00,11,1024.66,18.52
220,220,38.331480,21.767385,1/3/2025,8:8:45,1.50,205.70,12.00,11,1024.55,18.56
221,221,38.331475,21.767358,1/3/2025,8:8:49,2.04,201.34,12.00,11,1024.60,18.60
222,222,38.331469,21.767360,1/3/2025,8:8:50,1.91,183.68,10.90,11,1024.92,18.61
224,224,38.331466,21.767363,1/3/2025,8:8:51,1.91,183.68,11.00,11,1025.14,18.61
225,225,38.331466,21.767363,1/3/2025,8:8:51,1.91,183.68,11.00,11,1025.04,18.46
226,226,38.331437,21.767371,1/3/2025,8:8:55,4.70,152.65,12.00,11,1024.94,18.36
227,227,38.331427,21.767374,1/3/2025,8:8:56,3.85,156.87,11.90,11,1024.85,18.35
229,230,38.331396,21.767396,1/3/2025,8:9:0,3.04,157.57,11.90,11,1024.76,18.21
230,231,38.331389,21.767402,1/3/2025,8:9:1,2.80,157.44,12.70,11,1024.96,18.21
231,232,38.331382,21.767409,1/3/2025,8:9:2,2.80,157.44,13.00,11,1024.91,18.19
232,233,38.331382,21.767409,1/3/2025,8:9:2,2.80,157.44,13.00,11,1025.25,18.33
233,234,38.331382,21.767409,1/3/2025,8:9:2,2.80,157.44,13.00,11,1025.33,18.35
234,235,38.331345,21.767429,1/3/2025,8:9:6,4.28,158.18,12.90,11,1025.43,18.42
235,236,38.331334,21.767431,1/3/2025,8:9:7,4.94,163.93,12.80,11,1024.99,18.38
236,237,38.331334,21.767431,1/3/2025,8:9:7,4.94,163.93,12.80,11,1026.07,18.39
237,238,38.331334,21.767431,1/3/2025,8:9:7,4.94,163.93,12.80,11,1024.96,18.41
238,239,38.331334,21.767431,1/3/2025,8:9:7,4.94,163.93,12.80,11,1024.91,18.34
239,240,38.331285,21.767463,1/3/2025,8:9:12,3.91,153.16,12.80,11,1024.85,18.26
240,241,38.331273,21.767474,1/3/2025,8:9:13,3.91,153.16,13.20,11,1024.66,18.16
241,242,38.331273,21.767474,1/3/2025,8:9:13,3.91,153.16,13.20,11,1024.66,18.08
242,243,38.331273,21.767474,1/3/2025,8:9:13,3.91,153.16,13.20,11,1024.70,18.15
243,244,38.331230,21.767494,1/3/2025,8:9:17,3.70,157.59,13.20,11,1024.66,18.18
244,245,38.331222,21.767501,1/3/2025,8:9:18,3.44,154.50,13.40,11,1024.60,18.19
245,246,38.331213,21.767509,1/3/2025,8:9:19,3.44,154.50,13.90,11,1024.58,18.20
246,247,38.331213,21.767509,1/3/2025,8:9:19,3.44,154.50,13.90,11,1024.78,18.14
247,248,38.331213,21.767509,1/3/2025,8:9:19,3.44,154.50,13.90,11,1024.90,18.08
248,249,38.331176,21.767540,1/3/2025,8:9:23,3.91,148.09,14.60,11,1024.85,18.03
249,250,38.331167,21.767545,1/3/2025,8:9:24,3.89,155.47,14.60,11,1024.85,17.97
250,251,38.331167,21.767545,1/3/2025,8:9:24,3.89,155.47,14.60,11,1024.77,17.96
251,252,38.331167,21.767545,1/3/2025,8:9:24,3.89,155.47,14.60,11,1024.83,17.96
252,253,38.331127,21.767561,1/3/2025,8:9:28,4.56,164.90,14.60,11,1024.86,17.95
253,254,38.331116,21.767567,1/3/2025,8:9:29,5.06,160.07,15.40,11,1024.75,17.92
254,255,38.331107,21.767573,1/3/2025,8:9:30,5.06,160.07,15.50,11,1024.84,17.82
255,256,38.331107,21.767573,1/3/2025,8:9:30,5.06,160.07,15.50,11,1024.86,17.79
256,257,38.331107,21.767573,1/3/2025,8:9:30,5.06,160.07,15.50,11,1024.92,17.90
257,258,38.331069,21.767601,1/3/2025,8:9:34,6.00,153.00,15.70,11,1024.82,17.90
258,259,38.331058,21.767605,1/3/2025,8:9:35,4.82,156.71,15.60,11,1024.82,17.89
259,260,38.331058,21.767605,1/3/2025,8:9:35,4.82,156.71,15.60,11,1024.81,17.81
260,261,38.331058,21.767605,1/3/2025,8:9:35,4.82,156.71,15.60,11,1024.90,17.81
261,262,38.331020,21.767617,1/3/2025,8:9:39,3.13,160.99,15.60,11,1024.93,17.81
262,263,38.331013,21.767621,1/3/2025,8:9:40,3.46,151.31,15.90,11,1024.88,17.83
263,264,38.331005,21.767626,1/3/2025,8:9:41,3.46,151.31,16.30,11,1024.82,17.85
264,265,38.331005,21.767626,1/3/2025,8:9:41,3.46,151.31,16.30,11,1024.72,17.81
265,266,38.331005,21.767626,1/3/2025,8:9:41,3.46,151.31,16.30,11,1024.85,17.81
266,267,38.330967,21.767646,1/3/2025,8:9:45,4.54,157.83,16.80,11,1024.76,17.75
267,268,38.330956,21.767653,1/3/2025,8:9:46,5.09,156.95,16.50,11,1024.83,17.72
268,269,38.330956,21.767653,1/3/2025,8:9:46,5.09,156.95,16.50,11,1024.86,17.70
269,270,38.330956,21.767653,1/3/2025,8:9:46,5.09,156.95,16.50,11,1024.67,17.73
270,271,38.330916,21.767672,1/3/2025,8:9:50,4.96,153.88,16.50,11,1024.85,17.71
271,272,38.330906,21.767678,1/3/2025,8:9:51,3.98,152.93,17.20,11,1024.72,17.70
272,273,38.330898,21.767684,1/3/2025,8:9:52,3.98,152.93,17.20,11,1024.77,17.75
273,274,38.330898,21.767684,1/3/2025,8:9:52,3.98,152.93,17.20,11,1024.72,17.70
274,275,38.330898,21.767684,1/3/2025,8:9:52,3.98,152.93,17.20,11,1024.69,17.71
275,276,38.330862,21.767706,1/3/2025,8:9:56,3.56,155.49,17.20,11,1024.51,17.65
276,277,38.330854,21.767711,1/3/2025,8:9:57,3.50,157.50,17.30,11,1024.48,17.68
277,278,38.330854,21.767711,1/3/2025,8:9:57,3.50,157.50,17.30,11,1024.49,17.72
278,279,38.330854,21.767711,1/3/2025,8:9:57,3.50,157.50,17.30,11,1024.59,17.70
279,280,38.330816,21.767731,1/3/2025,8:10:1,4.17,158.09,17.30,11,1024.59,17.69
280,281,38.330805,21.767737,1/3/2025,8:10:2,4.48,156.78,18.00,11,1024.59,17.56
281,282,38.330795,21.767743,1/3/2025,8:10:3,4.48,156.78,18.00,11,1024.60,17.54
282,283,38.330795,21.767743,1/3/2025,8:10:3,4.48,156.78,18.00,11,1024.59,17.56
283,284,38.330795,21.767743,1/3/2025,8:10:3,4.48,156.78,18.00,11,1024.38,17.49
284,285,38.330754,21.767761,1/3/2025,8:10:7,4.74,159.15,18.50,11,1024.41,17.44
285,286,38.330743,21.767766,1/3/2025,8:10:8,4.57,158.45,18.50,11,1024.33,17.43
286,287,38.330743,21.767766,1/3/2025,8:10:8,4.57,158.45,18.50,11,1024.57,17.42
287,288,38.330743,21.767766,1/3/2025,8:10:8,4.57,158.45,18.50,11,1024.65,17.44
288,289,38.330743,21.767766,1/3/2025,8:10:8,4.57,158.45,18.50,11,1024.59,17.44
289,290,38.330700,21.767792,1/3/2025,8:10:13,3.80,155.51,19.00,11,1024.39,17.48
290,291,38.330692,21.767797,1/3/2025,8:10:14,3.80,155.51,19.00,11,1024.54,17.50
291,292,38.330692,21.767797,1/3/2025,8:10:14,3.80,155.51,19.00,11,1024.52,17.53
292,293,38.330692,21.767797,1/3/2025,8:10:14,3.80,155.51,19.00,11,1024.58,17.50
293,294,38.330654,21.767820,1/3/2025,8:10:18,3.76,161.62,19.00,11,1024.54,17.53
294,295,38.330644,21.767824,1/3/2025,8:10:19,3.96,160.73,19.00,11,1024.56,17.50
295,296,38.330636,21.767829,1/3/2025,8:10:20,3.96,160.73,19.10,11,1024.49,17.53
296,297,38.330636,21.767829,1/3/2025,8:10:20,3.96,160.73,19.10,11,1024.53,17.54
297,298,38.330636,21.767829,1/3/2025,8:10:20,3.96,160.73,19.10,11,1024.38,17.55
298,299,38.330598,21.767853,1/3/2025,8:10:24,3.80,153.34,19.50,11,1024.50,17.47
299,300,38.330587,21.767860,1/3/2025,8:10:25,4.83,157.37,19.70,11,1024.41,17.53
300,301,38.330587,21.767860,1/3/2025,8:10:25,4.83,157.37,19.70,11,1024.37,17.49
301,302,38.330587,21.767860,1/3/2025,8:10:25,4.83,157.37,19.70,11,1024.41,17.46
302,303,38.330543,21.767878,1/3/2025,8:10:29,4.13,158.73,19.70,11,1024.28,17.46
303,304,38.330536,21.767884,1/3/2025,8:10:30,3.35,155.01,20.30,10,1024.59,17.45
304,305,38.330527,21.767890,1/3/2025,8:10:31,3.35,155.01,20.40,11,1024.54,17.50
306,307,38.330527,21.767890,1/3/2025,8:10:31,3.35,155.01,20.40,11,1024.53,17.39
307,308,38.330493,21.767907,1/3/2025,8:10:35,4.17,151.15,20.60,11,1024.49,17.42
308,309,38.330483,21.767912,1/3/2025,8:10:36,4.52,154.14,20.60,11,1024.44,17.46
309,310,38.330483,21.767912,1/3/2025,8:10:36,4.52,154.14,20.60,11,1024.47,17.41
310,311,38.330483,21.767912,1/3/2025,8:10:36,4.52,154.14,20.60,11,1024.44,17.38
311,312,38.330442,21.767928,1/3/2025,8:10:40,3.83,158.31,20.60,11,1024.37,17.45
312,313,38.330430,21.767932,1/3/2025,8:10:41,4.33,168.37,20.50,11,1024.22,17.44
313,314,38.330421,21.767938,1/3/2025,8:10:42,4.33,168.37,20.50,11,1024.34,17.38
314,315,38.330421,21.767938,1/3/2025,8:10:42,4.33,168.37,20.50,11,1024.20,17.32
315,316,38.330421,21.767938,1/3/2025,8:10:42,4.33,168.37,20.50,11,1024.27,17.34
316,317,38.330381,21.767962,1/3/2025,8:10:46,4.44,154.38,19.80,11,1024.27,17.39
318,319,38.330370,21.767969,1/3/2025,8:10:47,4.80,151.26,19.80,11,1024.15,17.43
320,321,38.330331,21.767989,1/3/2025,8:10:51,3.98,158.79,19.80,11,1024.10,17.49
324,325,38.330313,21.767998,1/3/2025,8:10:53,3.82,157.12,19.70,11,1024.08,17.52
325,326,38.330272,21.768019,1/3/2025,8:10:57,4.39,155.20,20.30,11,1024.25,17.53
327,328,38.330263,21.768024,1/3/2025,8:10:58,3.72,155.39,20.20,11,1024.08,17.46
328,329,38.330263,21.768024,1/3/2025,8:10:58,3.72,155.39,20.20,11,1024.10,17.58
329,330,38.330224,21.768043,1/3/2025,8:11:2,3.91,160.57,20.20,11,1024.04,17.55
330,331,38.330214,21.768046,1/3/2025,8:11:3,4.09,162.90,20.80,11,1023.99,17.50
331,332,38.330204,21.768053,1/3/2025,8:11:4,4.09,162.90,20.70,11,1024.26,17.41
332,333,38.330204,21.768053,1/3/2025,8:11:4,4.09,162.90,20.70,11,1024.26,17.47
333,334,38.330204,21.768053,1/3/2025,8:11:4,4.09,162.90,20.70,11,1024.18,17.50
334,335,38.330157,21.768073,1/3/2025,8:11:8,4.07,158.86,21.00,11,1024.21,17.51
335,336,38.330145,21.768077,1/3/2025,8:11:9,5.11,163.67,21.00,11,1024.17,17.51
336,337,38.330145,21.768077,1/3/2025,8:11:9,5.11,163.67,21.00,11,1024.25,17.49
337,338,38.330145,21.768077,1/3/2025,8:11:9,5.11,163.67,21.00,11,1024.22,17.51
338,339,38.330098,21.768105,1/3/2025,8:11:13,3.85,152.66,21.00,11,1024.22,17.50
339,340,38.330088,21.768111,1/3/2025,8:11:14,4.28,153.73,22.20,11,1024.26,17.56
340,341,38.330080,21.768117,1/3/2025,8:11:15,4.28,153.73,22.50,11,1024.31,17.57
341,342,38.330080,21.768117,1/3/2025,8:11:15,4.28,153.73,22.50,11,1024.18,17.58
342,343,38.330080,21.768117,1/3/2025,8:11:15,4.28,153.73,22.50,11,1024.21,17.56
343,344,38.330040,21.768139,1/3/2025,8:11:19,5.57,154.84,23.90,11,1024.34,17.58
344,345,38.330029,21.768144,1/3/2025,8:11:20,5.02,155.62,23.90,11,1024.19,17.57
345,346,38.330029,21.768144,1/3/2025,8:11:20,5.02,155.62,23.90,11,1024.16,17.59
346,347,38.330029,21.768144,1/3/2025,8:11:20,5.02,155.62,23.90,11,1024.20,17.57
347,348,38.329985,21.768168,1/3/2025,8:11:24,4.43,155.68,23.90,11,1024.19,17.59
348,349,38.329973,21.768173,1/3/2025,8:11:25,4.74,158.67,24.20,11,1024.07,17.63
349,350,38.329963,21.768179,1/3/2025,8:11:26,4.74,158.67,24.10,11,1024.14,17.62
350,351,38.329963,21.768179,1/3/2025,8:11:26,4.74,158.67,24.10,11,1024.04,17.56
352,354,38.329912,21.768207,1/3/2025,8:11:31,4.69,161.22,23.90,11,1023.98,17.53
354,357,38.329912,21.768207,1/3/2025,8:11:31,4.69,161.22,23.90,11,1023.83,17.52
356,359,38.329849,21.768238,1/3/2025,8:11:37,4.35,154.07,23.90,11,1023.91,17.55
357,360,38.329849,21.768238,1/3/2025,8:11:37,4.35,154.07,23.90,11,1023.76,17.57
358,361,38.329849,21.768238,1/3/2025,8:11:37,4.35,154.07,23.90,11,1023.94,17.60
361,364,38.329799,21.768268,1/3/2025,8:11:42,5.09,147.62,23.60,11,1023.89,17.61
362,365,38.329799,21.768268,1/3/2025,8:11:42,5.09,147.62,23.60,11,1024.11,17.64
363,366,38.329799,21.768268,1/3/2025,8:11:42,5.09,147.62,23.60,11,1023.64,17.62
367,370,38.329739,21.768307,1/3/2025,8:11:48,4.50,155.54,23.10,11,1023.71,17.60
368,371,38.329697,21.768327,1/3/2025,8:11:52,4.26,161.64,23.10,11,1023.68,17.59
369,372,38.329686,21.768330,1/3/2025,8:11:53,4.30,163.32,23.50,11,1023.62,17.60
370,374,38.329677,21.768336,1/3/2025,8:11:54,4.30,163.32,23.60,11,1024.00,17.58
371,375,38.329677,21.768336,1/3/2025,8:11:54,4.30,163.32,23.60,11,1023.62,17.58
374,378,38.329629,21.768367,1/3/2025,8:11:59,4.41,150.84,23.80,11,1023.61,17.58
376,380,38.329587,21.768388,1/3/2025,8:12:3,3.82,157.81,23.80,11,1023.90,17.56
378,384,38.329568,21.768396,1/3/2025,8:12:5,3.82,161.84,25.00,11,1023.68,17.48
379,385,38.329520,21.768423,1/3/2025,8:12:9,4.72,158.99,25.80,11,1023.70,17.44
380,386,38.329509,21.768430,1/3/2025,8:12:10,4.57,157.90,25.40,11,1023.64,17.44
381,387,38.329509,21.768430,1/3/2025,8:12:10,4.57,157.90,25.40,11,1023.79,17.47
382,388,38.329509,21.768430,1/3/2025,8:12:10,4.57,157.90,25.40,11,1023.72,17.46
383,389,38.329472,21.768456,1/3/2025,8:12:14,4.04,157.10,25.40,11,1023.75,17.43
384,390,38.329462,21.768462,1/3/2025,8:12:15,4.41,154.69,25.90,11,1023.59,17.30
385,391,38.329450,21.768466,1/3/2025,8:12:16,4.41,154.69,25.60,11,1023.60,17.32
386,392,38.329450,21.768466,1/3/2025,8:12:16,4.41,154.69,25.60,11,1023.72,17.37
387,393,38.329450,21.768466,1/3/2025,8:12:16,4.41,154.69,25.60,11,1023.56,17.36
388,394,38.329408,21.768486,1/3/2025,8:12:20,4.94,164.34,25.70,11,1023.81,17.39
389,395,38.329397,21.768490,1/3/2025,8:12:21,4.87,163.20,25.60,11,1023.70,17.36
390,396,38.329397,21.768490,1/3/2025,8:12:21,4.87,163.20,25.60,11,1023.77,17.34
391,397,38.329397,21.768490,1/3/2025,8:12:21,4.87,163.20,25.60,11,1023.66,17.39
392,398,38.329353,21.768516,1/3/2025,8:12:25,4.91,155.81,25.60,11,1023.73,17.40
393,399,38.329342,21.768524,1/3/2025,8:12:26,4.67,154.22,27.00,11,1023.69,17.41
394,400,38.329330,21.768531,1/3/2025,8:12:27,4.67,154.22,27.30,11,1023.59,17.37
395,401,38.329330,21.768531,1/3/2025,8:12:27,4.67,154.22,27.30,11,1023.64,17.35
396,402,38.329330,21.768531,1/3/2025,8:12:27,4.67,154.22,27.30,11,1023.70,17.31
397,403,38.329288,21.768555,1/3/2025,8:12:31,4.65,152.79,28.10,11,1023.40,17.35
398,404,38.329278,21.768561,1/3/2025,8:12:32,4.11,150.50,28.20,11,1023.45,17.38
399,405,38.329278,21.768561,1/3/2025,8:12:32,4.11,150.50,28.20,11,1023.42,17.38
400,406,38.329278,21.768561,1/3/2025,8:12:32,4.11,150.50,28.20,11,1023.45,17.39
401,407,38.329239,21.768574,1/3/2025,8:12:36,3.74,157.49,28.20,11,1023.48,17.41
402,408,38.329229,21.768574,1/3/2025,8:12:37,4.17,162.26,28.20,11,1023.44,17.44
403,409,38.329217,21.768576,1/3/2025,8:12:38,4.17,162.26,28.30,11,1023.45,17.48
404,410,38.329217,21.768576,1/3/2025,8:12:38,4.17,162.26,28.30,11,1023.39,17.52
405,411,38.329217,21.768576,1/3/2025,8:12:38,4.17,162.26,28.30,11,1023.42,17.51
406,412,38.329168,21.768592,1/3/2025,8:12:42,4.37,160.00,27.80,11,1023.45,17.57
407,413,38.329155,21.768594,1/3/2025,8:12:43,5.15,165.90,27.60,11,1023.41,17.59
408,414,38.329155,21.768594,1/3/2025,8:12:43,5.15,165.90,27.60,11,1023.35,17.60
409,415,38.329155,21.768594,1/3/2025,8:12:43,5.15,165.90,27.60,11,1023.37,17.61
410,416,38.329116,21.768613,1/3/2025,8:12:47,4.59,154.01,27.60,11,1023.42,17.64
411,417,38.329105,21.768616,1/3/2025,8:12:48,4.13,155.46,28.20,11,1023.37,17.66
412,418,38.329096,21.768622,1/3/2025,8:12:49,4.13,155.46,27.90,11,1023.38,17.66
413,419,38.329096,21.768622,1/3/2025,8:12:49,4.13,155.46,27.90,11,1023.36,17.70
414,420,38.329096,21.768622,1/3/2025,8:12:49,4.13,155.46,27.90,11,1023.33,17.70
415,421,38.329056,21.768653,1/3/2025,8:12:53,5.07,154.78,27.90,11,1023.26,17.69
416,422,38.329045,21.768659,1/3/2025,8:12:54,4.02,153.71,28.20,11,1023.26,17.65
417,423,38.329045,21.768659,1/3/2025,8:12:54,4.02,153.71,28.20,11,1023.27,17.63
418,424,38.329045,21.768659,1/3/2025,8:12:54,4.02,153.71,28.20,11,1023.28,17.58
419,425,38.329045,21.768659,1/3/2025,8:12:54,4.02,153.71,28.20,11,1023.23,17.54
420,427,38.328982,21.768686,1/3/2025,8:13:0,4.54,151.82,27.40,11,1023.26,17.52
421,428,38.328982,21.768686,1/3/2025,8:13:0,4.54,151.82,27.40,11,1023.27,17.48
422,429,38.328982,21.768686,1/3/2025,8:13:0,4.54,151.82,27.40,11,1023.25,17.43
424,431,38.328925,21.768709,1/3/2025,8:13:5,4.43,168.01,28.50,11,1023.24,17.36
425,432,38.328913,21.768714,1/3/2025,8:13:6,4.43,168.01,28.70,11,1023.28,17.35
426,434,38.328913,21.768714,1/3/2025,8:13:6,4.43,168.01,28.70,11,1023.15,17.30
427,435,38.328902,21.768728,1/3/2025,8:13:10,1.63,164.73,29.10,11,1023.19,17.26
428,436,38.328896,21.768730,1/3/2025,8:13:11,2.43,166.47,29.30,11,1023.14,17.21
429,437,38.328896,21.768730,1/3/2025,8:13:11,2.43,166.47,29.30,11,1023.15,17.18
430,438,38.328896,21.768730,1/3/2025,8:13:11,2.43,166.47,29.30,11,1023.15,17.14
431,439,38.328863,21.768757,1/3/2025,8:13:15,3.69,154.72,29.30,11,1023.14,17.16
432,440,38.328855,21.768765,1/3/2025,8:13:16,3.52,153.27,30.70,11,1023.03,17.12
433,441,38.328847,21.768771,1/3/2025,8:13:17,3.52,153.27,30.30,11,1023.13,17.09
434,442,38.328847,21.768771,1/3/2025,8:13:17,3.52,153.27,30.30,11,1023.15,17.09
436,444,38.328811,21.768787,1/3/2025,8:13:21,4.24,166.55,29.40,11,1023.14,17.10
437,445,38.328803,21.768791,1/3/2025,8:13:22,2.98,160.42,29.40,11,1023.18,17.08
438,446,38.328803,21.768791,1/3/2025,8:13:22,2.98,160.42,29.40,11,1023.14,17.08
462,475,38.328432,21.769007,1/3/2025,8:13:57,3.43,172.02,25.80,11,1022.92,16.89
463,476,38.328425,21.769013,1/3/2025,8:13:58,2.54,172.02,25.40,11,1022.79,16.78
464,477,38.328415,21.769020,1/3/2025,8:13:59,2.54,172.02,25.20,11,1022.86,16.75
465,478,38.328415,21.769020,1/3/2025,8:13:59,2.54,172.02,25.20,11,1022.82,16.71
466,479,38.328415,21.769020,1/3/2025,8:13:59,2.54,172.02,25.20,11,1022.88,16.63
467,480,38.328378,21.769041,1/3/2025,8:14:3,3.15,152.15,25.20,11,1022.84,16.62
468,481,38.328368,21.769049,1/3/2025,8:14:4,3.69,149.06,25.90,11,1022.88,16.61
469,482,38.328368,21.769049,1/3/2025,8:14:4,3.69,149.06,25.90,11,1022.90,16.59
470,483,38.328368,21.769049,1/3/2025,8:14:4,3.69,149.06,25.90,11,1022.90,16.55
471,484,38.328368,21.769049,1/3/2025,8:14:4,3.69,149.06,25.90,11,1022.80,16.53
475,488,38.328306,21.769094,1/3/2025,8:14:10,4.13,153.04,25.80,11,1022.84,16.46
476,489,38.328243,21.769121,1/3/2025,8:14:14,5.15,160.37,25.80,11,1022.74,16.47
477,492,38.328229,21.769128,1/3/2025,8:14:15,5.28,158.56,26.30,10,1022.69,16.52
478,493,38.328229,21.769128,1/3/2025,8:14:15,5.28,158.56,26.30,10,1022.74,16.57
479,494,38.328169,21.769164,1/3/2025,8:14:20,4.48,160.30,25.50,11,1022.74,16.62
480,495,38.328157,21.769167,1/3/2025,8:14:21,3.89,161.38,25.40,11,1022.68,16.66
481,496,38.328157,21.769167,1/3/2025,8:14:21,3.89,161.38,25.40,11,1022.71,16.72
484,499,38.328101,21.769200,1/3/2025,8:14:26,4.48,151.44,25.50,11,1022.63,16.81
485,500,38.328089,21.769206,1/3/2025,8:14:27,4.48,151.44,25.40,11,1022.69,16.82
486,501,38.328089,21.769206,1/3/2025,8:14:27,4.48,151.44,25.40,11,1022.62,16.82
487,502,38.328089,21.769206,1/3/2025,8:14:27,4.48,151.44,25.40,11,1022.60,16.84
488,503,38.328037,21.769225,1/3/2025,8:14:31,5.15,166.71,25.30,11,1022.59,16.82
489,504,38.328026,21.769228,1/3/2025,8:14:32,4.32,167.58,25.60,11,1022.62,16.81
492,507,38.327982,21.769247,1/3/2025,8:14:36,3.91,156.68,25.60,11,1022.60,16.74
493,508,38.327971,21.769255,1/3/2025,8:14:37,4.28,152.68,25.40,11,1022.55,16.74
494,509,38.327960,21.769260,1/3/2025,8:14:38,4.28,152.68,25.40,11,1022.53,16.76
495,510,38.327960,21.769260,1/3/2025,8:14:38,4.28,152.68,25.40,11,1022.53,16.78
506,524,38.327782,21.769350,1/3/2025,8:14:54,3.85,162.08,26.30,11,1022.49,16.72
507,525,38.327737,21.769377,1/3/2025,8:14:58,4.24,156.69,26.30,11,1022.35,16.70
509,528,38.327720,21.769385,1/3/2025,8:15:0,4.93,153.99,29.20,11,1022.43,16.67
510,529,38.327720,21.769385,1/3/2025,8:15:0,4.93,153.99,29.20,11,1022.35,16.68
511,530,38.327681,21.769410,1/3/2025,8:15:4,4.50,152.40,29.30,11,1022.35,16.66
513,532,38.327673,21.769415,1/3/2025,8:15:5,3.61,155.25,29.20,11,1022.30,16.64
514,533,38.327673,21.769415,1/3/2025,8:15:5,3.61,155.25,29.20,11,1022.33,16.61
515,534,38.327629,21.769442,1/3/2025,8:15:9,4.22,149.86,29.20,11,1022.31,16.56
516,535,38.327617,21.769448,1/3/2025,8:15:10,4.06,152.41,29.60,11,1022.30,16.55
518,537,38.327605,21.769454,1/3/2025,8:15:11,4.06,152.41,29.90,11,1022.28,16.52
523,543,38.327553,21.769486,1/3/2025,8:15:16,4.07,154.59,29.70,11,1022.38,16.49
534,555,38.327360,21.769580,1/3/2025,8:15:33,4.54,159.47,31.90,11,1022.12,16.36
536,559,38.327297,21.769623,1/3/2025,8:15:39,4.20,156.37,30.50,11,1022.15,16.38
540,570,38.327183,21.769675,1/3/2025,8:15:50,3.93,142.74,33.50,11,1022.00,16.49
541,571,38.327140,21.769698,1/3/2025,8:15:54,4.48,151.80,33.30,11,1021.98,16.50
559,594,38.326833,21.769870,1/3/2025,8:16:22,4.56,158.81,34.80,11,1021.84,16.43
560,595,38.326821,21.769875,1/3/2025,8:16:23,4.56,158.81,34.60,11,1021.89,16.45
561,596,38.326821,21.769875,1/3/2025,8:16:23,4.56,158.81,34.60,11,1021.74,16.50
563,601,38.326761,21.769881,1/3/2025,8:16:28,2.61,171.34,33.60,11,1021.87,16.66
566,607,38.326671,21.769935,1/3/2025,8:16:38,4.37,157.14,35.50,11,1021.73,16.75
568,609,38.326663,21.769942,1/3/2025,8:16:39,3.43,156.15,36.30,10,1021.76,16.78
569,610,38.326663,21.769942,1/3/2025,8:16:39,3.43,156.15,36.30,10,1021.75,16.81
571,612,38.326600,21.769971,1/3/2025,8:16:44,4.61,160.24,38.00,11,1021.72,16.87
572,613,38.326588,21.769978,1/3/2025,8:16:45,4.61,160.24,38.00,11,1021.57,16.92
573,614,38.326588,21.769978,1/3/2025,8:16:45,4.61,160.24,38.00,11,1021.71,16.97
574,615,38.326588,21.769978,1/3/2025,8:16:45,4.61,160.24,38.00,11,1021.69,17.04
575,616,38.326541,21.770000,1/3/2025,8:16:49,3.52,156.59,38.00,11,1021.68,17.06
577,618,38.326531,21.770004,1/3/2025,8:16:50,4.54,158.27,37.40,11,1021.60,17.12
578,619,38.326531,21.770004,1/3/2025,8:16:50,4.54,158.27,37.40,11,1021.61,17.16
580,621,38.326486,21.770029,1/3/2025,8:16:55,2.94,157.33,37.40,11,1021.49,17.21
584,625,38.326431,21.770042,1/3/2025,8:17:0,4.39,167.25,37.40,10,1021.58,17.34
589,630,38.326363,21.770076,1/3/2025,8:17:6,4.61,166.38,35.70,11,1021.52,17.36
595,639,38.326231,21.770147,1/3/2024,8:17:17,3.44,147.50,34.50,11,1021.38,17.37
598,644,38.326178,21.770183,1/3/2025,8:17:23,2.39,152.04,34.50,11,1021.40,17.34
613,676,38.325758,21.770405,1/3/2025,8:18:2,3.83,156.10,42.60,11,1021.13,17.61
616,682,38.325686,21.770446,1/3/2025,8:18:8,4.39,159.40,43.10,11,1021.04,17.77
631,719,38.325268,21.770668,1/3/2025,8:18:52,3.61,157.34,43.60,11,1020.78,17.99
638,733,38.325048,21.770769,1/3/2025,8:19:9,5.15,155.03,44.00,11,1020.65,18.15
642,740,38.324928,21.770851,1/3/2025,8:19:20,4.22,162.91,45.10,11,1020.42,17.95
643,741,38.324928,21.770851,1/3/2025,8:19:20,4.22,162.91,45.10,11,1020.39,17.91
644,742,38.324928,21.770851,1/3/2025,8:19:20,4.22,162.91,45.10,11,1020.46,17.87
645,743,38.324883,21.770886,1/3/2025,8:19:24,4.59,155.82,45.10,11,1020.41,17.80
646,744,38.324873,21.770894,1/3/2025,8:19:25,4.02,157.60,45.50,11,1020.43,17.73
647,745,38.324863,21.770897,1/3/2025,8:19:26,4.02,157.60,45.40,11,1020.43,17.70
649,751,38.324810,21.770934,1/3/2025,8:19:31,4.82,154.37,46.20,11,1020.35,17.45
650,752,38.324764,21.770971,1/3/2025,8:19:35,4.09,144.82,46.20,11,1020.38,17.39
651,753,38.324757,21.770983,1/3/2025,8:19:36,4.48,136.89,46.20,11,1020.33,17.32
653,755,38.324748,21.770990,1/3/2025,8:19:37,4.48,136.89,46.80,11,1020.33,17.17
654,756,38.324748,21.770990,1/3/2025,8:19:37,4.48,136.89,46.80,11,1020.37,17.14
655,759,38.324691,21.771028,1/3/2025,8:19:42,4.33,157.24,46.90,11,1020.41,17.00
656,760,38.324691,21.771028,1/3/2025,8:19:42,4.33,157.24,46.90,11,1020.41,16.98
657,761,38.324648,21.771051,1/3/2025,8:19:46,2.72,161.66,46.90,11,1020.48,16.94
660,766,38.324584,21.771075,1/3/2025,8:19:52,4.83,162.73,47.40,11,1020.36,16.83
663,769,38.324575,21.771081,1/3/2025,8:19:53,3.69,160.79,47.90,11,1020.37,16.83
668,781,38.324394,21.771201,1/3/2025,8:20:10,4.74,152.28,50.10,11,1020.24,16.77
670,784,38.324344,21.771226,1/3/2025,8:20:14,3.26,161.92,50.40,11,1020.21,16.68
671,785,38.324338,21.771231,1/3/2025,8:20:15,3.06,161.92,50.20,11,1020.20,16.62
672,786,38.324338,21.771231,1/3/2025,8:20:15,3.06,161.92,50.20,11,1020.22,16.52
674,790,38.324264,21.771270,1/3/2025,8:20:21,5.78,167.23,52.50,11,1020.15,16.54
676,792,38.324264,21.771270,1/3/2025,8:20:21,5.78,167.23,52.50,11,1020.13,16.49
677,793,38.324214,21.771300,1/3/2025,8:20:25,5.28,155.49,52.50,11,1020.15,16.50
678,795,38.324203,21.771307,1/3/2025,8:20:26,4.13,152.52,52.50,11,1020.12,16.46
686,826,38.323748,21.771554,1/3/2025,8:21:5,4.52,158.87,54.30,11,1019.98,15.83
689,973,38.321617,21.772692,1/3/2025,8:24:2,5.39,152.68,54.50,11,1019.20,15.96
695,984,38.321432,21.772783,1/3/2025,8:24:18,3.37,165.49,56.60,11,1019.21,15.80
702,1013,38.321014,21.773011,1/3/2021,8:24:52,5.07,158.83,59.20,10,1019.18,16.04
704,1018,38.320950,21.773060,1/3/2025,8:24:57,4.63,159.83,59.20,10,1019.18,16.00
705,1019,38.320901,21.773097,1/3/2025,8:25:1,4.70,157.92,59.20,10,1019.13,15.97
707,1023,38.320873,21.773112,1/3/2025,8:25:3,4.54,155.94,59.00,9,1019.18,15.94
708,1026,38.320821,21.773149,1/3/2025,8:25:8,3.89,159.63,58.80,10,1019.14,15.97
710,1028,38.320772,21.773180,1/3/2025,8:25:12,4.00,156.29,58.80,10,1019.12,15.96
711,1029,38.320759,21.773184,1/3/2025,8:25:13,4.48,160.02,59.10,10,1019.09,15.94
712,1030,38.320749,21.773190,1/3/2025,8:25:14,4.48,160.02,59.10,10,1019.10,15.90
715,1034,38.320687,21.773231,1/3/2025,8:25:19,5.04,156.56,58.60,10,1019.11,15.82
720,1052,38.320498,21.773358,1/3/2025,8:25:41,1.52,172.28,58.00,10,1019.12,16.04
728,1098,38.320210,21.773519,1/3/2025,8:26:35,2.85,159.91,57.20,10,1019.10,16.96
729,1099,38.320199,21.773527,1/3/2025,8:26:39,0.67,159.91,57.20,10,1019.39,17.05
732,1107,38.320195,21.773528,1/3/2025,8:26:46,0.39,159.91,58.50,10,1019.52,17.52
733,1110,38.320190,21.773533,1/3/2025,8:26:52,0.52,159.91,58.20,10,1019.33,17.66
740,1454,38.319974,21.773683,1/3/2025,8:33:53,5.44,335.37,51.30,9,1019.14,14.57
742,1459,38.320068,21.773633,1/3/2025,8:33:59,6.13,334.52,53.20,9,1019.21,14.58
743,1460,38.320082,21.773627,1/3/2025,8:34:0,5.24,333.20,53.20,9,1019.22,14.55
744,1461,38.320082,21.773627,1/3/2025,8:34:0,5.24,333.20,53.20,9,1019.19,14.54
746,1465,38.320172,21.773580,1/3/2025,8:34:6,6.24,333.96,53.80,9,1019.21,14.53
747,1466,38.320172,21.773580,1/3/2025,8:34:6,6.24,333.96,53.80,9,1019.21,14.52
748,1467,38.320172,21.773580,1/3/2025,8:34:6,6.24,333.96,53.80,9,1019.26,14.51
750,1469,38.320245,21.773543,1/3/2025,8:34:11,6.20,335.16,54.50,9,1019.20,14.49
751,1470,38.320245,21.773543,1/3/2025,8:34:11,6.20,335.16,54.50,9,1019.22,14.51
753,1472,38.320306,21.773512,1/3/2025,8:34:15,6.22,338.03,54.50,9,1019.19,14.51
754,1473,38.320321,21.773506,1/3/2025,8:34:16,5.67,339.80,55.10,9,1019.19,14.50
755,1474,38.320335,21.773499,1/3/2025,8:34:17,5.67,339.80,55.30,9,1019.24,14.50
756,1475,38.320335,21.773499,1/3/2025,8:34:17,5.67,339.80,55.30,9,1019.17,14.50
757,1476,38.320335,21.773499,1/3/2025,8:34:17,5.67,339.80,55.30,9,1019.19,14.49
758,1477,38.320386,21.773468,1/3/2025,8:34:21,5.80,334.11,54.90,9,1019.26,14.48
759,1478,38.320399,21.773461,1/3/2025,8:34:22,5.57,334.88,55.00,9,1019.24,14.49
760,1479,38.320399,21.773461,1/3/2025,8:34:22,5.57,334.88,55.00,9,1019.21,14.49
761,1481,38.320448,21.773431,1/3/2025,8:34:26,5.87,334.88,55.00,9,1019.23,14.50
762,1482,38.320461,21.773425,1/3/2025,8:34:27,5.17,336.89,55.90,9,1019.19,14.51
763,1483,38.320475,21.773417,1/3/2025,8:34:28,5.17,336.89,55.70,9,1019.23,14.52
764,1484,38.320475,21.773417,1/3/2025,8:34:28,5.17,336.89,55.70,9,1019.19,14.52
765,1485,38.320475,21.773417,1/3/2025,8:34:28,5.17,336.89,55.70,9,1019.20,14.53
766,1486,38.320530,21.773387,1/3/2025,8:34:32,6.19,337.10,56.20,9,1019.20,14.50
767,1487,38.320544,21.773380,1/3/2025,8:34:33,6.22,338.06,56.10,9,1019.22,14.48
768,1489,38.320544,21.773380,1/3/2025,8:34:33,6.22,338.06,56.10,9,1019.24,14.43
769,1490,38.320607,21.773350,1/3/2025,8:34:37,6.85,335.83,56.10,9,1019.28,14.42
770,1491,38.320622,21.773343,1/3/2025,8:34:38,6.11,339.43,56.20,9,1019.24,14.44
771,1492,38.320637,21.773337,1/3/2025,8:34:39,6.11,339.43,56.10,9,1019.22,14.43
772,1493,38.320637,21.773337,1/3/2025,8:34:39,6.11,339.43,56.10,9,1019.31,14.43
773,1494,38.320637,21.773337,1/3/2025,8:34:39,6.11,339.43,56.10,9,1019.22,14.41
774,1495,38.320696,21.773308,1/3/2025,8:34:43,6.19,340.03,56.10,9,1019.24,14.43
775,1497,38.320710,21.773300,1/3/2025,8:34:44,6.43,337.28,56.40,9,1019.26,14.40
780,1509,38.320940,21.773171,1/3/2025,8:35:0,6.30,334.56,55.10,9,1019.29,14.25
783,1513,38.321016,21.773122,1/3/2025,8:35:5,6.30,333.89,55.40,8,1019.29,14.23
800,1561,38.321876,21.772657,1/3/2025,8:36:2,5.67,332.93,56.80,9,1019.47,14.11
801,1562,38.321876,21.772657,1/3/2025,8:36:2,5.67,332.93,56.80,9,1019.44,14.10
802,1563,38.321928,21.772623,1/3/2025,8:36:6,5.35,335.31,56.80,9,1019.40,14.10
803,1564,38.321941,21.772615,1/3/2025,8:36:7,6.35,334.88,56.40,9,1019.45,14.10
813,1610,38.322769,21.772144,1/3/2025,8:37:3,5.83,332.73,54.00,9,1019.71,14.02
814,1611,38.322769,21.772144,1/3/2025,8:37:3,5.83,332.73,54.00,9,1019.61,14.06
815,1612,38.322769,21.772144,1.2/2025,8:37:3,5.83,332.73,54.00,9,1019.71,14.06
822,1631,38.323129,21.771963,1/3/2025,8:37:29,5.58,336.25,52.10,9,1019.71,14.26
823,1632,38.323140,21.771956,1/3/2025,8:37:30,4.56,334.38,51.70,9,1019.71,14.28
824,1633,38.323154,21.771950,1/3/2025,8:37:31,4.56,334.38,51.50,9,1099.71,14.29
825,1636,38.323216,21.771924,1/3/2025,8:37:35,5.04,342.35,51.70,9,1019.78,14.34
829,1650,38.323460,21.771784,1/3/2025,8:37:52,6.67,334.80,49.50,9,1019.84,14.32
832,1655,38.323554,21.771735,1/3/2025,8:37:58,6.76,337.07,48.90,9,1019.88,14.36
840,1676,38.323951,21.771518,1/3/2025,8:38:24,5.54,337.69,48.70,9,1020.11,14.48
843,1680,38.323979,21.771499,1/3/2025,8:38:26,6.02,336.41,48.00,9,1020.11,14.51
845,1682,38.324051,21.771456,1/3/2025,8:38:31,6.54,335.90,47.60,9,1020.10,14.51
846,1683,38.324051,21.771456,1/3/2025,8:38:31,6.54,335.90,47.60,9,1020.19,14.49
847,1684,38.324051,21.771456,1/3/2025,8:38:31,6.54,335.90,47.60,9,1020.16,14.49
848,1685,38.324051,21.771456,1/3/2025,8:38:31,6.54,335.90,47.60,9,1020.11,14.47
850,1687,38.324133,21.771412,1/3/2025,8:38:37,5.87,340.15,48.10,9,1020.24,14.48
851,1688,38.324133,21.771412,1/3/2025,8:38:37,5.87,340.15,48.10,9,1020.26,14.46
852,1689,38.324133,21.771412,1/3/2025,8:38:37,5.87,340.15,48.10,9,1020.23,14.44
858,1695,38.324277,21.771328,1/3/2025,8:38:47,5.26,327.62,47.10,9,1020.25,14.45
859,1696,38.324285,21.771317,1/3/2025,8:38:48,4.54,324.67,46.70,9,1020.35,14.44
860,1697,38.324285,21.771317,1/3/2025,8:38:48,4.54,324.67,46.70,9,1020.34,14.42
861,1698,38.324285,21.771317,1/3/2025,8:38:48,4.54,324.67,46.70,9,1020.36,14.42
862,1699,38.324335,21.771278,1/3/2025,8:38:52,5.69,334.93,46.70,9,1020.38,14.42
863,1700,38.324349,21.771271,1/3/2025,8:38:53,5.78,334.33,46.20,9,1020.42,14.41
864,1701,38.324365,21.771266,1/3/2025,8:38:54,5.78,334.33,46.10,9,1020.38,14.41
865,1702,38.324365,21.771266,1/3/2025,8:38:54,5.78,334.33,46.10,9,1020.41,14.42
866,1703,38.324365,21.771266,1/3/2025,8:38:54,5.78,334.33,46.10,9,1020.46,14.40
867,1704,38.324427,21.771230,1/3/2025,8:38:58,6.22,332.06,45.80,9,1020.39,14.40
868,1707,38.324443,21.771223,1/3/2025,8:38:59,6.32,335.40,45.40,9,1020.45,14.45
869,1708,38.324495,21.771194,1/3/2025,8:39:3,6.13,338.74,45.40,9,1020.40,14.44
870,1709,38.324509,21.771187,1/3/2025,8:39:4,5.80,337.90,46.50,9,1020.44,14.43
871,1710,38.324524,21.771179,1/3/2025,8:39:5,5.80,337.90,46.30,9,1020.48,14.43
872,1711,38.324524,21.771179,1/3/2025,8:39:5,5.80,337.90,46.30,9,1020.52,14.41
873,1712,38.324524,21.771179,1/3/2025,8:39:5,5.80,337.90,46.30,9,1020.47,14.41
874,1713,38.324577,21.771146,1/3/2025,8:39:9,3.83,336.69,45.80,9,1020.47,14.41
875,1714,38.324589,21.771140,1/3/2025,8:39:10,4.35,332.06,45.40,8,1020.53,14.41
876,1715,38.324589,21.771140,1/3/2025,8:39:10,4.35,332.06,45.40,8,1020.52,14.41
877,1716,38.324589,21.771140,1/3/2025,8:39:10,4.35,332.06,45.40,8,1020.52,14.43
879,1718,38.324656,21.771110,1/3/2025,8:39:15,5.78,338.47,43.70,9,1020.58,14.47
880,1719,38.324670,21.771103,1/3/2025,8:39:16,5.78,338.47,43.50,9,1020.56,14.48
881,1721,38.324670,21.771103,1/3/2025,8:39:16,5.78,338.47,43.50,9,1020.62,14.48
882,1722,38.324729,21.771074,1/3/2025,8:39:20,6.30,340.57,43.60,9,1020.60,14.51
883,1723,38.324743,21.771067,1/3/2025,8:39:21,6.02,340.89,43.50,9,1020.58,14.52
884,1724,38.324743,21.771067,1/3/2025,8:39:21,6.02,340.89,43.50,9,1020.58,14.52
885,1725,38.324743,21.771067,1/3/2025,8:39:21,6.02,340.89,43.50,9,1020.60,14.54
886,1726,38.324802,21.771039,1/3/2025,8:39:25,5.69,339.53,43.50,9,1020.59,14.54
887,1727,38.324817,21.771032,1/3/2025,8:39:26,6.48,335.11,43.40,9,1020.64,14.53
888,1728,38.324831,21.771023,1/3/2025,8:39:27,6.48,335.11,43.50,9,1020.64,14.55
889,1729,38.324831,21.771023,1/3/2025,8:39:27,6.48,335.11,43.50,9,1020.62,14.56
890,1730,38.324831,21.771023,1/3/2025,8:39:27,6.48,335.11,43.50,9,1020.61,14.56
891,1731,38.324888,21.770995,1/3/2025,8:39:31,5.61,337.42,43.10,9,1020.69,14.56
892,1732,38.324901,21.770988,1/3/2025,8:39:32,6.00,337.41,43.00,9,1020.67,14.53
894,1734,38.324901,21.770988,1/3/2025,8:39:32,6.00,337.41,43.00,9,1020.70,14.51
895,1735,38.324959,21.770955,1/3/2025,8:39:36,6.33,336.80,43.00,9,1020.71,14.49
897,1737,38.324987,21.770940,1/3/2025,8:39:38,6.24,337.20,42.80,9,1020.71,14.50
898,1738,38.324987,21.770940,1/3/2025,8:39:38,6.24,337.20,42.80,9,1020.76,14.52
899,1739,38.324987,21.770940,1/3/2025,8:39:38,6.24,337.20,42.80,9,1020.73,14.50
900,1740,38.325048,21.770915,1/3/2025,8:39:42,5.98,337.48,42.10,9,1020.76,14.51
901,1741,38.325064,21.770909,1/3/2025,8:39:43,6.19,337.38,41.90,9,1020.77,14.51
902,1742,38.325064,21.770909,1/3/2025,8:39:43,6.19,337.38,41.90,9,1020.75,14.51
903,1743,38.325064,21.770909,1/3/2025,8:39:43,6.19,337.38,41.90,9,1020.77,14.51
904,1744,38.325122,21.770873,1/3/2025,8:39:47,6.28,338.02,41.90,9,1020.77,14.52
905,1745,38.325135,21.770866,1/3/2025,8:39:48,6.04,336.58,42.50,9,1020.79,14.55
906,1746,38.325149,21.770858,1/3/2025,8:39:49,6.04,336.58,42.60,9,1020.79,14.56
907,1747,38.325149,21.770858,1/3/2025,8:39:49,6.04,336.58,42.60,9,1020.85,14.57
909,1749,38.325205,21.770825,1/3/2025,8:39:53,5.59,327.09,42.60,9,1020.85,14.54
910,1750,38.325217,21.770816,1/3/2025,8:39:54,5.80,329.99,42.20,9,1020.89,14.53
911,1751,38.325217,21.770816,1/3/2025,8:39:54,5.80,329.99,42.20,9,1020.82,14.52
912,1752,38.325217,21.770816,1/3/2025,8:39:54,5.80,329.99,42.20,9,1020.86,14.50
913,1753,38.325273,21.770793,1/3/2025,8:39:58,6.06,338.59,42.20,9,1020.90,14.49
914,1754,38.325286,21.770785,1/3/2025,8:39:59,5.82,339.43,41.50,9,1020.89,14.48
915,1755,38.325298,21.770777,1/3/2025,8:40:0,5.82,339.43,41.10,9,1020.93,14.47
916,1756,38.325298,21.770777,1/3/2025,8:40:0,5.82,339.43,41.10,9,1020.93,14.48
917,1757,38.325298,21.770777,1/3/2025,8:40:0,5.82,339.43,41.10,9,1020.96,14.48
918,1758,38.325354,21.770748,1/3/2025,8:40:4,5.98,338.23,41.10,9,1020.98,14.50
919,1759,38.325367,21.770739,1/3/2025,8:40:5,6.07,332.32,41.10,9,1020.96,14.51
920,1760,38.325367,21.770739,1/3/2025,8:40:5,6.07,332.32,41.10,9,1021.00,14.53
921,1761,38.325367,21.770739,1/3/2025,8:40:5,6.07,332.32,41.10,9,1021.02,14.53
922,1762,38.325367,21.770739,1/3/2025,8:40:5,6.07,332.32,41.10,9,1020.99,14.51
923,1763,38.325440,21.770700,1/3/2025,8:40:10,5.94,336.01,40.20,9,1020.97,14.51
924,1764,38.325454,21.770693,1/3/2025,8:40:11,5.94,336.01,39.70,9,1021.01,14.51
925,1765,38.325454,21.770693,1/3/2025,8:40:11,5.94,336.01,39.70,9,1020.99,14.49
927,1767,38.325507,21.770664,1/3/2025,8:40:15,5.98,339.20,39.70,9,1021.03,14.49
928,1768,38.325522,21.770658,1/3/2025,8:40:16,6.39,339.29,39.30,9,1021.03,14.51
929,1769,38.325536,21.770652,1/3/2025,8:40:17,6.39,339.29,39.50,9,1021.06,14.49
930,1770,38.325536,21.770652,1/3/2025,8:40:17,6.39,339.29,39.50,9,1021.06,14.48
931,1771,38.325536,21.770652,1/3/2025,8:40:17,6.39,339.29,39.50,9,1021.07,14.46
932,1772,38.325587,21.770627,1/3/2025,8:40:21,6.06,338.96,40.40,9,1021.09,14.45
933,1773,38.325602,21.770617,1/3/2025,8:40:22,6.37,335.03,40.60,9,1021.09,14.45
934,1774,38.325602,21.770617,1/3/2025,8:40:22,6.37,335.03,40.60,9,1021.11,14.45
935,1775,38.325602,21.770617,1/3/2025,8:40:22,6.37,335.03,40.60,9,1021.14,14.43
936,1776,38.325658,21.770584,1/3/2025,8:40:26,6.41,334.34,40.60,9,1021.11,14.42
937,1777,38.325672,21.770575,1/3/2025,8:40:27,6.67,335.85,39.70,9,1021.17,14.45
938,1778,38.325686,21.770567,1/3/2025,8:40:28,6.67,335.85,39.70,9,1021.22,14.46
939,1779,38.325686,21.770567,1/3/2025,8:40:28,6.67,335.85,39.70,9,1021.18,14.46
940,1780,38.325686,21.770567,1/3/2025,8:40:28,6.67,335.85,39.70,9,1021.21,14.46
941,1781,38.325744,21.770535,1/3/2025,8:40:32,5.76,335.14,39.80,9,1021.18,14.44
942,1782,38.325757,21.770527,1/3/2025,8:40:33,6.07,336.41,40.00,9,1021.11,14.44
943,1783,38.325757,21.770527,1/3/2025,8:40:33,6.07,336.41,40.00,9,1021.22,14.46
944,1784,38.325757,21.770527,1/3/2025,8:40:33,6.07,336.41,40.00,9,1021.27,14.46
945,1785,38.325811,21.770494,1/3/2025,8:40:37,5.78,333.42,40.00,9,1021.30,14.47
946,1786,38.325825,21.770488,1/3/2025,8:40:38,6.20,335.80,40.10,9,1021.18,14.48
947,1787,38.325840,21.770480,1/3/2025,8:40:39,6.20,335.80,40.10,9,1021.21,14.51
948,1788,38.325840,21.770480,1/3/2025,8:40:39,6.20,335.80,40.10,9,1021.21,14.54
949,1789,38.325840,21.770480,1/3/2025,8:40:39,6.20,335.80,40.10,9,1021.22,14.55
950,1790,38.325897,21.770452,1/3/2025,8:40:43,5.22,333.95,40.40,9,1021.27,14.55
951,1791,38.325910,21.770442,1/3/2025,8:40:44,5.72,331.92,40.10,9,1021.29,14.57
952,1792,38.325910,21.770442,1/3/2025,8:40:44,5.72,331.92,40.10,9,1021.30,14.57
953,1793,38.325910,21.770442,1/3/2025,8:40:44,5.72,331.92,40.10,9,1021.28,14.57
954,1794,38.325967,21.770412,1/3/2025,8:40:48,5.44,339.42,40.10,9,1021.35,14.58
955,1795,38.325980,21.770405,1/3/2025,8:40:49,5.87,337.41,40.10,9,1021.35,14.60
956,1796,38.325995,21.770396,1/3/2025,8:40:50,5.87,337.41,39.60,9,1021.34,14.62
957,1797,38.325995,21.770396,1/3/2025,8:40:50,5.87,337.41,39.60,9,1021.36,14.60
958,1798,38.325995,21.770396,1/3/2025,8:40:50,5.87,337.41,39.60,9,1021.38,14.59
959,1799,38.326053,21.770368,1/3/2025,8:40:54,6.07,336.22,39.10,9,1021.37,14.59
960,1800,38.326067,21.770361,1/3/2025,8:40:55,5.76,339.76,38.80,9,1021.37,14.58
961,1801,38.326067,21.770361,1/3/2025,8:40:55,5.76,339.76,38.80,9,1021.45,14.58
962,1802,38.326067,21.770361,1/3/2025,8:40:55,5.76,339.76,38.80,9,1021.42,14.61
964,1804,38.326135,21.770332,1/3/2025,8:41:0,6.06,339.72,38.50,9,1021.43,14.61
965,1805,38.326149,21.770325,1/3/2025,8:41:1,6.06,339.72,38.50,9,1021.39,14.60
966,1806,38.326149,21.770325,1/3/2025,8:41:1,6.06,339.72,38.50,9,1021.44,14.61
967,1807,38.326149,21.770325,1/3/2025,8:41:1,6.06,339.72,38.50,9,1021.48,14.60
968,1808,38.326206,21.770293,1/3/2025,8:41:5,6.39,337.28,36.70,9,1021.49,14.59
969,1809,38.326220,21.770284,1/3/2025,8:41:6,6.56,335.20,37.00,9,1021.45,14.59
970,1810,38.326220,21.770284,1/3/2025,8:41:6,6.56,335.20,37.00,9,1021.44,14.60
971,1811,38.326220,21.770284,1/3/2025,8:41:6,6.56,335.20,37.00,9,1021.49,14.59
972,1812,38.326277,21.770253,1/3/2025,8:41:10,6.32,334.01,37.00,9,1021.49,14.58
973,1813,38.326291,21.770243,1/3/2025,8:41:11,6.33,333.95,38.30,9,1021.52,14.57
974,1814,38.326306,21.770235,1/3/2025,8:41:12,6.33,333.95,38.60,9,1021.56,14.57
975,1815,38.326306,21.770235,1/3/2025,8:41:12,6.33,333.95,38.60,9,1021.58,14.56
976,1817,38.326362,21.770204,1/3/2025,8:41:16,5.98,335.82,38.60,9,1021.53,14.59
977,1818,38.326375,21.770193,1/3/2025,8:41:17,6.32,329.09,39.00,9,1021.58,14.60
978,1819,38.326375,21.770193,1/3/2025,8:41:17,6.32,329.09,39.00,9,1021.57,14.64
979,1820,38.326375,21.770193,1/3/2025,8:41:17,6.32,329.09,39.00,9,1021.53,14.65
980,1821,38.326431,21.770165,1/3/2025,8:41:21,5.56,344.14,39.00,9,1021.47,14.65
981,1822,38.326444,21.770157,1/3/2025,8:41:22,5.20,343.57,37.20,9,1021.53,14.64
982,1823,38.326459,21.770153,1/3/2025,8:41:23,5.20,343.57,36.90,9,1021.55,14.63
983,1824,38.326459,21.770153,1/3/2025,8:41:23,5.20,343.57,36.90,9,1021.57,14.65
984,1826,38.326527,21.770135,1/3/2025,8:41:27,6.26,339.81,36.90,9,1021.56,14.65
986,1828,38.326543,21.770128,1/3/2025,8:41:28,6.59,342.76,36.20,9,1021.65,14.67
987,1829,38.326543,21.770128,1/3/2025,8:41:28,6.59,342.76,36.20,9,1021.64,14.69
988,1830,38.326543,21.770128,1/3/2025,8:41:28,6.59,342.76,36.20,9,1021.64,14.70
989,1831,38.326610,21.770076,1/3/2025,8:41:33,5.61,335.23,35.00,9,1021.71,14.71
990,1832,38.326625,21.770067,1/3/2025,8:41:34,5.61,335.23,35.20,8,1021.73,14.72
991,1833,38.326625,21.770067,1/3/2025,8:41:34,5.61,335.23,35.20,8,1021.71,14.73
992,1834,38.326625,21.770067,1/3/2025,8:41:34,5.61,335.23,35.20,8,1021.76,14.74
996,1840,38.326764,21.769982,1/3/2025,8:41:44,6.30,344.17,35.30,9,1021.81,14.80
1000,1846,38.326858,21.769919,1/3/2025,8:41:51,4.67,333.86,35.10,9,1021.86,14.87
1001,1847,38.326858,21.769919,1/3/2025,8:41:51,4.67,333.86,35.10,9,1021.90,14.87
1002,1848,38.326858,21.769919,1/3/2025,8:41:51,4.67,333.86,35.10,9,1021.89,14.88
1003,1849,38.326915,21.769894,1/3/2025,8:41:55,4.57,342.27,34.30,9,1021.94,14.89
1004,1850,38.326930,21.769885,1/3/2025,8:41:56,5.93,339.32,34.40,9,1021.90,14.90
1006,1852,38.326930,21.769885,1/3/2025,8:41:56,5.93,339.32,34.40,9,1021.94,14.90
1015,1865,38.327162,21.769743,1/3/2025,8:42:13,6.26,340.14,31.30,9,1022.08,15.11
1016,1867,38.327210,21.769709,1/3/2025,8:42:17,4.11,328.80,29.60,9,1022.15,15.15
1017,1868,38.327221,21.769700,1/3/2025,8:42:18,4.44,328.82,29.50,9,1022.13,15.20
1021,1874,38.327315,21.769663,1/3/2025,8:42:24,5.82,341.66,29.60,9,1022.15,15.31
1022,1875,38.327315,21.769663,1/3/2025,8:42:24,5.82,341.66,29.60,9,1022.18,15.32
1023,1876,38.327376,21.769623,1/3/2025,8:42:28,5.93,335.59,29.40,9,1022.19,15.30
1024,1877,38.327390,21.769616,1/3/2025,8:42:29,5.70,338.55,29.80,9,1022.18,15.26
1025,1878,38.327390,21.769616,1/3/2025,8:42:29,5.70,338.55,29.80,9,1022.19,15.26
1033,1890,38.327618,21.769487,1/3/2025,8:42:45,5.82,335.08,28.50,9,1022.31,15.18
1040,1899,38.327768,21.769408,1/3/2025,8:42:56,6.46,339.16,25.70,9,1022.51,15.19
1050,1913,38.328020,21.769268,1/3/2025,8:43:13,5.22,335.51,25.30,9,1022.62,15.65
1051,1914,38.328032,21.769260,1/3/2025,8:43:14,5.22,335.51,25.20,9,1022.65,15.67
1052,1916,38.328032,21.769260,1/3/2025,8:43:14,5.22,335.51,25.20,9,1022.63,15.74
1053,1917,38.328085,21.769229,1/3/2025,8:43:18,5.98,337.59,24.90,9,1022.65,15.75
1054,1918,38.328099,21.769220,1/3/2025,8:43:19,5.74,334.30,24.80,9,1022.67,15.78
1055,1919,38.328099,21.769220,1/3/2025,8:43:19,5.74,334.30,24.80,9,1022.78,15.79
1056,1920,38.328099,21.769220,1/3/2025,8:43:19,5.74,334.30,24.80,9,1022.74,15.82
1057,1921,38.328163,21.769192,1/3/2025,8:43:23,5.74,341.17,24.80,9,1022.70,15.84
1065,1929,38.328256,21.769141,1/3/2025,8:43:30,4.76,340.89,24.00,9,1022.78,16.08
1066,1930,38.328317,21.769106,1/3/2025,8:43:34,5.85,335.51,24.00,9,1022.77,16.08
1067,1931,38.328333,21.769096,1/3/2025,8:43:35,6.13,333.78,23.40,9,1022.76,16.07
1071,1938,38.328416,21.769047,1/3/2025,8:43:41,4.96,337.96,23.00,9,1022.88,15.94
1072,1940,38.328487,21.769012,1/3/2025,8:43:46,5.56,338.16,22.70,9,1022.92,15.98
1073,1941,38.328500,21.769002,1/3/2025,8:43:47,5.56,338.16,22.50,9,1022.92,15.97
1076,1944,38.328549,21.768964,1/3/2025,8:43:51,4.69,327.72,21.40,9,1022.98,15.98
1078,1946,38.328559,21.768955,1/3/2025,8:43:52,4.61,327.13,21.10,9,1022.97,16.06
1082,1952,38.328633,21.768918,1/3/2025,8:43:58,4.82,332.39,19.50,9,1023.02,16.13
1084,1955,38.328710,21.768886,1/3/2025,8:44:3,5.67,334.13,19.00,9,1023.07,16.19
1086,1957,38.328710,21.768886,1/3/2025,8:44:3,5.67,334.13,19.00,9,1023.22,16.24
1087,1958,38.328783,21.768839,1/3/2025,8:44:8,4.61,333.94,19.20,9,1023.19,16.29
1092,1964,38.328864,21.768791,1/3/2025,8:44:14,5.32,331.29,18.20,9,1023.15,16.35
1095,1967,38.328934,21.768752,1/3/2025,8:44:19,5.52,332.25,17.60,9,1023.19,16.41
1097,1969,38.328947,21.768745,1/3/2025,8:44:20,5.04,335.10,17.40,9,1023.23,16.44
1098,1970,38.328947,21.768745,1/3/2025,8:44:20,5.04,335.10,17.40,9,1023.23,16.48
1099,1972,38.329021,21.768708,1/3/2025,8:44:25,5.70,339.53,17.40,9,1023.29,16.51
1102,1976,38.329094,21.768669,1/3/2025,8:44:30,5.93,335.50,18.10,9,1023.29,16.54
1105,1980,38.329154,21.768633,1/3/2025,8:44:35,5.93,329.90,17.90,9,1023.38,16.49
1106,1981,38.329169,21.768625,1/3/2025,8:44:36,6.07,330.92,16.90,9,1023.59,16.50
1107,1982,38.329182,21.768614,1/3/2025,8:44:37,6.07,330.92,16.80,9,1023.63,16.56
1108,1983,38.329182,21.768614,1/3/2025,8:44:37,6.07,330.92,16.80,9,1023.53,16.65
1110,1986,38.329247,21.768578,1/3/2025,8:44:42,5.24,339.91,17.00,9,1023.43,16.59
1112,1988,38.329247,21.768578,1/3/2025,8:44:42,5.24,339.91,17.00,9,1023.44,16.54
1113,1989,38.329305,21.768548,1/3/2025,8:44:46,6.20,335.99,17.00,9,1023.46,16.51
1115,1991,38.329333,21.768533,1/3/2025,8:44:48,6.56,333.82,17.60,9,1023.49,16.50
1116,1992,38.329333,21.768533,1/3/2025,8:44:48,6.56,333.82,17.60,9,0523.35,16.50
1117,1993,38.329333,21.768533,1/3/2025,8:44:48,6.56,333.82,17.60,9,1023.45,16.54
1118,1994,38.329391,21.768505,1/3/2025,8:44:52,5.13,335.20,17.60,9,1023.49,16.53
1119,1995,38.329405,21.768496,1/3/2025,8:44:53,5.91,333.11,17.40,9,1023.51,16.54
1120,1996,38.329405,21.768496,1/3/2025,8:44:53,5.91,333.11,17.40,9,1023.53,16.56
1121,1997,38.329405,21.768496,1/3/2025,8:44:53,5.91,333.11,17.40,9,1023.59,16.55
1122,1998,38.329465,21.768465,1/3/2025,8:44:57,5.85,338.76,17.40,9,1023.57,16.57
1123,1999,38.329476,21.768457,1/3/2025,8:44:58,4.11,332.66,15.70,9,1023.54,16.55
1124,2000,38.329489,21.768446,1/3/2025,8:44:59,4.11,332.66,15.60,9,1023.56,16.51
1125,2001,38.329489,21.768446,1/3/2025,8:44:59,4.11,332.66,15.60,9,1023.56,16.51
1126,2002,38.329489,21.768446,1/3/2025,8:44:59,4.11,332.66,15.60,9,1023.58,16.49
1127,2003,38.329543,21.768405,1/3/2025,8:45:3,6.09,328.57,14.90,9,1023.54,16.51
1128,2004,38.329558,21.768397,1/3/2025,8:45:4,6.19,333.25,14.90,9,1023.65,16.53
1129,2005,38.329558,21.768397,1/3/2025,8:45:4,6.19,333.25,14.90,9,1023.66,16.52
1131,2007,38.329621,21.768367,1/3/2025,8:45:8,6.76,339.58,14.90,9,1023.56,16.47
1133,2009,38.329655,21.768354,1/3/2025,8:45:10,5.94,339.42,15.20,9,1023.63,16.45
1136,2012,38.329713,21.768326,1/3/2025,8:45:14,5.52,334.06,15.10,9,1023.64,16.41
1138,2014,38.329724,21.768318,1/3/2025,8:45:15,4.91,333.21,15.00,9,1023.58,16.39
1139,2015,38.329724,21.768318,1/3/2025,8:45:15,4.91,333.21,15.00,9,1023.72,16.37
1140,2016,38.329778,21.768283,1/3/2025,8:45:19,5.69,331.24,15.00,9,1023.68,16.38
1141,2017,38.329792,21.768276,1/3/2025,8:45:20,5.24,331.58,15.50,9,1023.69,16.37
1142,2018,38.329804,21.768268,1/3/2025,8:45:21,5.24,331.58,15.40,9,1023.73,16.38
1143,2019,38.329804,21.768268,1/3/2025,8:45:21,5.24,331.58,15.40,9,1023.70,16.39
1144,2020,38.329804,21.768268,1/3/2025,8:45:21,5.24,331.58,15.40,9,1023.70,16.38
1145,2021,38.329852,21.768243,1/3/2025,8:45:25,4.89,335.76,15.40,9,1023.75,16.39
1146,2022,38.329867,21.768236,1/3/2025,8:45:26,5.54,338.57,14.40,9,1023.77,16.37
1147,2023,38.329867,21.768236,1/3/2025,8:45:26,5.54,338.57,14.40,9,1023.62,16.36
1148,2024,38.329867,21.768236,1/3/2025,8:45:26,5.54,338.57,14.40,9,1023.84,16.34
1149,2025,38.329867,21.768236,1/3/2025,8:45:26,5.54,338.57,14.40,9,1023.76,16.32
1150,2026,38.329933,21.768203,1/3/2025,8:45:31,4.57,339.19,13.40,9,1023.79,16.30
1151,2027,38.329946,21.768195,1/3/2025,8:45:32,4.57,339.19,13.30,9,1023.82,16.30
1152,2028,38.329946,21.768195,1/3/2025,8:45:32,4.57,339.19,13.30,9,1023.87,16.30
1153,2029,38.329946,21.768195,1/3/2025,8:45:32,4.57,339.19,13.30,9,1023.81,16.28
1154,2030,38.329999,21.768162,1/3/2025,8:45:36,6.09,336.10,13.30,9,1023.86,16.32
1155,2031,38.330014,21.768154,1/3/2025,8:45:37,6.00,335.76,14.10,9,1023.90,16.33
1156,2032,38.330026,21.768146,1/3/2025,8:45:38,6.00,335.76,14.10,9,1023.85,16.35
1157,2033,38.330026,21.768146,1/3/2025,8:45:38,6.00,335.76,14.10,9,1023.97,16.36
1158,2034,38.330026,21.768146,1/3/2025,8:45:38,6.00,335.76,14.10,9,1023.89,16.41
1159,2035,38.330077,21.768117,1/3/2025,8:45:42,6.13,337.85,13.80,9,1023.91,16.42
1160,2036,38.330090,21.768112,1/3/2025,8:45:43,4.82,340.83,13.60,9,1023.98,16.43
1161,2037,38.330090,21.768112,1/3/2025,8:45:43,4.82,340.83,13.60,9,1023.96,16.42
1162,2038,38.330090,21.768112,1/3/2025,8:45:43,4.82,340.83,13.60,9,1023.95,16.44
1163,2039,38.330139,21.768089,1/3/2025,8:45:47,5.20,333.95,13.60,9,1023.98,16.44
1164,2040,38.330151,21.768081,1/3/2025,8:45:48,4.91,335.84,12.60,9,1023.96,16.46
1165,2041,38.330163,21.768073,1/3/2025,8:45:49,4.91,335.84,12.20,9,1023.98,16.44
1166,2042,38.330163,21.768073,1/3/2025,8:45:49,4.91,335.84,12.20,9,1024.00,16.44
1167,2043,38.330163,21.768073,1/3/2025,8:45:49,4.91,335.84,12.20,9,1023.98,16.46
1168,2044,38.330223,21.768041,1/3/2025,8:45:53,5.78,339.66,13.00,9,1024.02,16.46
1169,2045,38.330235,21.768033,1/3/2025,8:45:54,5.07,337.05,12.90,9,1024.01,16.48
1170,2046,38.330235,21.768033,1/3/2025,8:45:54,5.07,337.05,12.90,9,1024.07,16.49
1171,2047,38.330235,21.768033,1/3/2025,8:45:54,5.07,337.05,12.90,9,1024.09,16.52
1172,2048,38.330283,21.768001,1/3/2025,8:45:58,5.04,334.54,12.90,9,1024.08,16.56
1173,2049,38.330295,21.767993,1/3/2025,8:45:59,4.98,332.35,13.00,9,1024.06,16.58
1174,2050,38.330304,21.767984,1/3/2025,8:46:0,4.98,332.35,12.50,9,1024.08,16.62
1175,2051,38.330304,21.767984,1/3/2025,8:46:0,4.98,332.35,12.50,9,1024.14,16.67
1176,2052,38.330304,21.767984,1/3/2025,8:46:0,4.98,332.35,12.50,9,1024.13,16.70
1177,2053,38.330356,21.767954,1/3/2025,8:46:4,5.91,336.90,12.60,9,1024.14,16.74
1178,2054,38.330368,21.767945,1/3/2025,8:46:5,4.82,334.29,12.70,9,1024.17,16.80
1179,2055,38.330368,21.767945,1/3/2025,8:46:5,4.82,334.29,12.70,9,1024.11,16.84
1180,2056,38.330368,21.767945,1/3/2025,8:46:5,4.82,334.29,12.70,9,1024.09,16.85
1181,2057,38.330422,21.767918,1/3/2025,8:46:9,6.46,336.06,12.70,9,1024.11,16.89
1182,2058,38.330437,21.767911,1/3/2025,8:46:10,5.57,335.39,12.00,9,1024.15,16.94
1183,2059,38.330452,21.767905,1/3/2025,8:46:11,5.57,335.39,11.90,9,1024.17,16.98
1184,2060,38.330452,21.767905,1/3/2025,8:46:11,5.57,335.39,11.90,9,1024.20,17.04
1185,2061,38.330452,21.767905,1/3/2025,8:46:11,5.57,335.39,11.90,9,1024.16,17.06
1186,2062,38.330508,21.767878,1/3/2025,8:46:15,5.76,337.57,11.70,9,1024.16,17.05
1187,2063,38.330522,21.767871,1/3/2025,8:46:16,5.30,334.95,11.40,9,1024.25,17.05
1188,2064,38.330522,21.767871,1/3/2025,8:46:16,5.30,334.95,11.40,9,1024.23,17.08
1189,2065,38.330522,21.767871,1/3/2025,8:46:16,5.30,334.95,11.40,9,1024.23,17.14
1190,2066,38.330568,21.767844,1/3/2025,8:46:20,4.63,333.60,11.40,9,1024.21,17.19
1191,2067,38.330583,21.767838,1/3/2025,8:46:21,5.69,338.81,11.00,9,1024.24,17.18
1192,2068,38.330598,21.767831,1/3/2025,8:46:22,5.69,338.81,10.90,9,1024.26,17.19
1193,2069,38.330598,21.767831,1/3/2025,8:46:22,5.69,338.81,10.90,9,1024.28,17.21
1194,2070,38.330598,21.767831,1/3/2025,8:46:22,5.69,338.81,10.90,9,1024.30,17.23
1195,2071,38.330650,21.767804,1/3/2025,8:46:26,4.52,334.32,10.90,9,1024.33,17.25
1196,2072,38.330662,21.767797,1/3/2025,8:46:27,5.32,334.95,10.70,9,1024.30,17.32
1197,2073,38.330662,21.767797,1/3/2025,8:46:27,5.32,334.95,10.70,9,1024.35,17.36
1198,2074,38.330662,21.767797,1/3/2025,8:46:27,5.32,334.95,10.70,9,1024.29,17.38
1199,2075,38.330662,21.767797,1/3/2025,8:46:27,5.32,334.95,10.70,9,1024.23,17.42
1200,2076,38.330721,21.767763,1/3/2025,8:46:32,5.57,336.45,10.40,9,1024.28,17.43
1201,2077,38.330732,21.767756,1/3/2025,8:46:33,5.57,336.45,10.10,9,1024.29,17.38
1202,2078,38.330732,21.767756,1/3/2025,8:46:33,5.57,336.45,10.10,9,1024.36,17.42
1203,2079,38.330732,21.767756,1/3/2025,8:46:33,5.57,336.45,10.10,9,1024.26,17.41
1204,2080,38.330795,21.767729,1/3/2025,8:46:37,6.44,337.27,10.10,9,1024.31,17.36
1205,2081,38.330809,21.767720,1/3/2025,8:46:38,6.00,334.74,10.80,9,1024.39,17.33
1206,2082,38.330809,21.767720,1/3/2025,8:46:38,6.00,334.74,10.80,9,1024.34,17.28
1207,2083,38.330809,21.767720,1/3/2025,8:46:38,6.00,334.74,10.80,9,1024.52,17.26
1208,2085,38.330878,21.767680,1/3/2025,8:46:43,6.19,335.33,10.40,9,1025.00,17.48
1209,2086,38.330892,21.767673,1/3/2025,8:46:44,5.70,335.57,10.10,9,1024.68,17.55
1210,2087,38.330892,21.767673,1/3/2025,8:46:44,5.70,335.57,10.10,9,1024.33,17.53
1211,2088,38.330892,21.767673,1/3/2025,8:46:44,5.70,335.57,10.10,9,1024.42,17.52
1212,2089,38.330949,21.767641,1/3/2025,8:46:48,6.19,337.42,10.10,9,1024.46,17.52
1213,2090,38.330964,21.767633,1/3/2025,8:46:49,6.35,336.18,9.60,9,1024.46,17.57
1214,2091,38.330979,21.767625,1/3/2025,8:46:50,6.35,336.18,9.20,9,1024.47,17.56
1215,2092,38.330979,21.767625,1/3/2025,8:46:50,6.35,336.18,9.20,9,1024.47,17.58
1216,2093,38.330979,21.767625,1/3/2025,8:46:50,6.35,336.18,9.20,9,1024.37,17.58
1217,2094,38.331037,21.767598,1/3/2025,8:46:54,6.43,335.95,8.70,9,1024.46,17.59
1218,2095,38.331051,21.767590,1/3/2025,8:46:55,5.63,336.29,8.60,9,1024.46,17.60
1219,2096,38.331051,21.767590,1/3/2025,8:46:55,5.63,336.29,8.60,9,1024.50,17.58
1220,2097,38.331051,21.767590,1/3/2025,8:46:55,5.63,336.29,8.60,9,1024.53,17.58
1221,2098,38.331099,21.767557,1/3/2025,8:46:59,5.54,334.73,8.60,9,1024.52,17.57
1222,2099,38.331111,21.767549,1/3/2025,8:47:0,5.02,334.03,7.90,9,1024.54,17.58
1223,2100,38.331127,21.767542,1/3/2025,8:47:1,5.02,334.03,7.70,9,1024.43,17.57
1224,2101,38.331127,21.767542,1/3/2025,8:47:1,5.02,334.03,7.70,9,1024.46,17.52
1225,2102,38.331127,21.767542,1/3/2025,8:47:1,5.02,334.03,7.70,9,1024.55,17.50
1226,2103,38.331191,21.767516,1/3/2025,8:47:5,5.22,340.19,7.60,9,1024.53,17.55
1227,2104,38.331204,21.767508,1/3/2025,8:47:6,5.63,336.30,7.50,9,1024.56,17.51
1228,2105,38.331204,21.767508,1/3/2025,8:47:6,5.63,336.30,7.50,9,1024.55,17.50
1229,2106,38.331204,21.767508,1/3/2025,8:47:6,5.63,336.30,7.50,9,1024.60,17.54
1230,2107,38.331257,21.767476,1/3/2025,8:47:10,5.15,328.71,7.50,9,1024.57,17.56
1231,2108,38.331271,21.767469,1/3/2025,8:47:11,5.46,333.07,6.80,9,1024.59,17.58
1232,2109,38.331286,21.767463,1/3/2025,8:47:12,5.46,333.07,6.70,9,1024.61,17.59
1233,2110,38.331286,21.767463,1/3/2025,8:47:12,5.46,333.07,6.70,9,1024.58,17.60
1234,2111,38.331286,21.767463,1/3/2025,8:47:12,5.46,333.07,6.70,9,1024.64,17.61
1235,2112,38.331341,21.767432,1/3/2025,8:47:16,5.94,335.11,6.70,9,1024.58,17.64
1236,2113,38.331356,21.767424,1/3/2025,8:47:17,6.24,334.73,6.80,9,1024.62,17.67
1237,2114,38.331356,21.767424,1/3/2025,8:47:17,6.24,334.73,6.80,9,1024.62,17.68
1239,2116,38.331356,21.667424,1/3/2025,8:47:17,6.24,334.73,6.80,9,1024.65,17.76
1240,2117,38.331419,21.767393,1/3/2025,8:47:22,3.98,336.77,5.20,9,1024.70,17.80
1241,2118,38.331428,21.767389,1/3/2025,8:47:23,3.98,336.77,4.80,8,1024.73,17.83
1242,2119,38.331428,21.767389,1/3/2025,8:47:23,3.98,336.77,4.80,8,1024.63,17.91
1243,2120,38.331428,21.767389,1/3/2025,8:47:23,3.98,336.77,4.80,8,1024.66,17.97
1244,2121,38.331444,21.767400,1/3/2025,8:47:27,2.13,354.15,4.80,8,1024.66,17.96
1245,2122,38.331449,21.767408,1/3/2025,8:47:28,3.15,37.57,4.80,9,1024.60,17.92
1246,2123,38.331455,21.767411,1/3/2025,8:47:29,3.15,37.57,4.80,9,1024.62,17.95
1282,2159,38.331541,21.767524,1/3/2025,8:48:13,3.35,60.82,2.30,7,1025.74,17.58
1283,2160,38.331545,21.767537,1/3/2025,8:48:14,4.48,67.91,1.90,7,1025.76,17.54
1284,2161,38.331545,21.767537,1/3/2025,8:48:14,4.48,67.91,1.90,7,1025.84,17.47
1285,2163,38.331552,21.767585,1/3/2025,8:48:18,4.26,79.75,1.90,7,1025.75,17.55
1286,2164,38.331555,21.767594,1/3/2025,8:48:19,3.11,80.73,-0.10,7,1025.77,17.55
1287,2166,38.331553,21.767607,1/3/2025,8:48:20,3.11,80.73,-0.40,8,1025.76,17.51
1288,2167,38.331553,21.767607,1/3/2025,8:48:20,3.11,80.73,-0.40,8,1025.72,17.49
1289,2168,38.331541,21.767661,1/3/2025,8:48:24,4.30,115.49,0.60,8,1025.75,17.51
1290,2169,38.331535,21.767677,1/3/2025,8:48:25,5.93,117.61,1.30,8,1025.77,17.54
1291,2170,38.331535,21.767677,1/3/2025,8:48:25,5.93,117.61,1.30,8,1025.76,17.58
1292,2171,38.331535,21.767677,1/3/2025,8:48:25,5.93,117.61,1.30,8,1025.73,17.67
1293,2172,38.331500,21.767712,1/3/2025,8:48:29,4.67,153.54,1.30,8,1025.75,17.68
1294,2173,38.331489,21.767718,1/3/2025,8:48:30,4.70,156.39,1.60,8,1026.85,17.83
1295,2174,38.331477,21.767722,1/3/2025,8:48:31,4.70,156.39,1.50,8,1026.74,17.95
1296,2175,38.331477,21.767722,1/3/2025,8:48:31,4.70,156.39,1.50,8,1027.20,18.16
1297,2176,38.331477,21.767722,1/3/2025,8:48:31,4.70,156.39,1.50,8,1026.70,18.24
1298,2177,38.331438,21.767745,1/3/2025,8:48:35,4.15,156.36,1.50,8,1027.23,18.37
1299,2178,38.331429,21.767752,1/3/2025,8:48:36,3.80,155.38,1.90,9,1031.94,18.52
1300,2179,38.331429,21.767752,1/3/2025,8:48:36,3.80,155.38,1.90,9,1026.87,18.52
1301,2180,38.331429,21.767752,1/3/2025,8:48:36,3.80,155.38,1.90,9,1028.74,18.65
1302,2181,38.331429,21.767752,1/3/2025,8:48:36,3.80,155.38,1.90,9,1026.96,18.79
1303,2182,38.331368,21.767770,1/3/2025,8:48:41,5.39,170.65,1.00,9,1026.17,18.86
1304,2183,38.331357,21.767773,1/3/2025,8:48:42,5.39,170.65,0.70,9,1026.22,18.90
1305,2184,38.331357,21.767773,1/3/2025,8:48:42,5.39,170.65,0.70,9,1026.51,18.99
1306,2185,38.331357,21.767773,1/3/2025,8:48:42,5.39,170.65,0.70,9,1027.19,18.86
1307,2186,38.331322,21.767801,1/3/2025,8:48:46,4.06,152.43,0.70,9,1026.35,18.97
1308,2187,38.331310,21.767803,1/3/2025,8:48:47,4.50,170.08,1.20,8,1025.58,18.96
1309,2188,38.331299,21.767809,1/3/2025,8:48:48,4.50,170.08,0.80,9,1026.23,18.94
1310,2189,38.331299,21.767809,1/3/2025,8:48:48,4.50,170.08,0.80,9,1025.94,18.95
1311,2190,38.331299,21.767809,1/3/2025,8:48:48,4.50,170.08,0.80,9,1026.07,18.92
1312,2191,38.331252,21.767827,1/3/2025,8:48:52,4.41,156.29,1.20,9,1027.02,18.96
1313,2192,38.331240,21.767832,1/3/2025,8:48:53,4.54,157.84,1.20,9,1026.72,18.96
1314,2193,38.331240,21.767832,1/3/2025,8:48:53,4.54,157.84,1.20,9,1026.02,19.00
1315,2194,38.331240,21.767832,1/3/2025,8:48:53,4.54,157.84,1.20,9,1026.14,19.03
1316,2195,38.331189,21.767855,1/3/2025,8:48:57,4.22,154.35,1.20,9,1025.84,18.92
1317,2196,38.331178,21.767862,1/3/2025,8:48:58,4.74,151.03,0.60,8,1026.07,19.05
1318,2197,38.331167,21.767868,1/3/2025,8:48:59,4.74,151.03,0.70,8,1027.64,19.08
1319,2198,38.331167,21.767868,1/3/2025,8:48:59,4.74,151.03,0.70,8,1025.66,19.09
1320,2199,38.331167,21.767868,1/3/2025,8:48:59,4.74,151.03,0.70,8,1026.11,19.11
1321,2200,38.331110,21.767895,1/3/2025,8:49:3,5.50,152.29,0.70,7,1025.72,18.95
1322,2201,38.331098,21.767905,1/3/2025,8:49:4,4.96,146.92,0.40,8,1026.17,18.81
1323,2202,38.331098,21.767905,1/3/2025,8:49:4,4.96,146.92,0.40,8,1026.15,18.85
1324,2203,38.331098,21.767905,1/3/2025,8:49:4,4.96,146.92,0.40,8,1025.69,18.76
1325,2204,38.331054,21.767948,1/3/2025,8:49:8,5.07,138.07,0.40,8,1025.73,18.68
1326,2205,38.331044,21.767960,1/3/2025,8:49:9,5.22,131.72,-0.50,7,1025.78,18.58
1327,2206,38.331035,21.767972,1/3/2025,8:49:10,5.22,131.72,-0.90,8,1025.82,18.51
1328,2207,38.331035,21.767972,1/3/2025,8:49:10,5.22,131.72,-0.90,8,1025.80,18.43
1329,2208,38.331035,21.767972,1/3/2025,8:49:10,5.22,131.72,-0.90,8,1025.79,18.39
1330,2209,38.331021,21.768030,1/3/2025,8:49:14,4.65,100.65,-1.30,8,1025.86,18.20
1331,2210,38.331022,21.768045,1/3/2025,8:49:15,4.54,91.84,-1.40,8,1025.85,18.18
1332,2211,38.331022,21.768045,1/3/2025,8:49:15,4.54,91.84,-1.40,8,1025.89,18.12
1333,2212,38.331022,21.768045,1/3/2025,8:49:15,4.54,91.84,-1.40,8,1025.89,18.06
1334,2213,38.331035,21.768099,1/3/2025,8:49:19,4.93,73.92,-1.40,8,1025.89,18.02
1335,2214,38.331038,21.768114,1/3/2025,8:49:20,5.02,72.35,-2.20,7,1025.86,18.00
1336,2215,38.331041,21.768129,1/3/2025,8:49:21,5.02,72.35,-2.40,8,1025.86,17.96
1337,2216,38.331041,21.768129,1/3/2025,8:49:21,5.02,72.35,-2.40,8,1025.85,17.94
1338,2217,38.331041,21.768129,1/3/2025,8:49:21,5.02,72.35,-2.40,8,1025.88,17.90
1339,2218,38.331061,21.768190,1/3/2025,8:49:25,5.26,70.58,-2.00,8,1025.81,17.88
1340,2219,38.331067,21.768209,1/3/2025,8:49:26,5.70,69.22,-1.90,9,1025.79,17.76
1341,2220,38.331067,21.768209,1/3/2025,8:49:26,5.70,69.22,-1.90,9,1025.78,17.67
1342,2221,38.331067,21.768209,1/3/2025,8:49:26,5.70,69.22,-1.90,9,1025.88,17.63
1343,2222,38.331082,21.768278,1/3/2025,8:49:30,5.07,69.87,-1.90,9,1025.88,17.63
1344,2223,38.331087,21.768294,1/3/2025,8:49:31,5.67,67.93,-2.00,9,1025.88,17.60
1345,2224,38.331090,21.768311,1/3/2025,8:49:32,5.67,67.93,-2.00,9,1025.92,17.47
1346,2225,38.331090,21.768311,1/3/2025,8:49:32,5.67,67.93,-2.00,9,1025.91,17.32
1347,2226,38.331090,21.768311,1/3/2025,8:49:32,5.67,67.93,-2.00,9,1025.87,17.31
1348,2227,38.331104,21.768368,1/3/2025,8:49:36,4.54,68.25,-2.00,9,1025.98,17.25
1349,2228,38.331107,21.768383,1/3/2025,8:49:37,4.80,72.04,-2.00,9,1025.96,17.18
1350,2229,38.331107,21.768383,1/3/2025,8:49:37,4.80,72.04,-2.00,9,1026.03,17.07
1351,2230,38.331107,21.768383,1/3/2025,8:49:37,4.80,72.04,-2.00,9,1026.00,16.98
1352,2231,38.331107,21.768383,1/3/2025,8:49:37,4.80,72.04,-2.00,9,1025.96,16.98
1353,2232,38.331119,21.768465,1/3/2025,8:49:42,5.26,76.03,-1.70,9,1025.99,16.90
1354,2233,38.331123,21.768481,1/3/2025,8:49:43,5.26,76.03,-1.60,9,1025.94,16.82
1355,2234,38.331123,21.768481,1/3/2025,8:49:43,5.26,76.03,-1.60,9,1025.97,16.87
1356,2235,38.331123,21.768481,1/3/2025,8:49:43,5.26,76.03,-1.60,9,1026.01,16.90
1357,2236,38.331138,21.768548,1/3/2025,8:49:47,6.04,71.44,-1.60,9,1026.04,16.83
1358,2237,38.331142,21.768566,1/3/2025,8:49:48,5.57,72.88,-1.30,9,1025.91,16.90
1359,2238,38.331146,21.768583,1/3/2025,8:49:49,5.57,72.88,-1.20,9,1025.96,16.90
1360,2239,38.331146,21.768583,1/3/2025,8:49:49,5.57,72.88,-1.20,9,1026.01,16.81
1361,2240,38.331146,21.768583,1/3/2025,8:49:49,5.57,72.88,-1.20,9,1026.04,16.76
1362,2241,38.331163,21.768654,1/3/2025,8:49:53,5.72,71.68,-1.00,9,1025.99,16.63
1363,2242,38.331167,21.768672,1/3/2025,8:49:54,5.94,71.70,-0.80,9,1025.98,16.58
1364,2243,38.331167,21.768672,1/3/2025,8:49:54,5.94,71.70,-0.80,9,1026.00,16.59
1365,2244,38.331167,21.768672,1/3/2025,8:49:54,5.94,71.70,-0.80,9,1026.02,16.55
1366,2245,38.331186,21.768737,1/3/2025,8:49:58,4.91,68.61,-0.80,9,1025.96,16.51
1367,2246,38.331190,21.768751,1/3/2025,8:49:59,4.46,69.95,-0.70,9,1025.97,16.54
1368,2247,38.331195,21.768756,1/3/2025,8:50:0,4.46,69.95,-0.60,9,1025.99,16.61
1369,2248,38.331195,21.768756,1/3/2025,8:50:0,4.46,69.95,-0.60,9,1025.99,16.67
1370,2249,38.331195,21.768756,1/3/2025,8:50:0,4.46,69.95,-0.60,9,1025.96,16.73
1371,2250,38.331194,21.768760,1/3/2025,8:50:4,0.30,69.95,-1.00,9,1025.92,16.77
1372,2251,38.331195,21.768760,1/3/2025,8:50:5,0.24,69.95,-1.00,9,1025.94,16.81
1373,2252,38.331195,21.768760,1/3/2025,8:50:5,0.24,69.95,-1.00,9,1025.96,16.84
1374,2253,38.331195,21.768760,1/3/2025,8:50:5,0.24,69.95,-1.00,9,1025.91,16.88
1375,2254,38.331194,21.768759,1/3/2025,8:50:9,0.94,69.95,-1.00,9,1025.94,16.95
1376,2255,38.331194,21.768759,1/3/2025,8:50:10,0.39,69.95,-1.00,9,1025.89,17.03
1377,2256,38.331194,21.768759,1/3/2025,8:50:11,0.39,69.95,-0.90,9,1025.87,17.08
1378,2257,38.331194,21.768759,1/3/2025,8:50:11,0.39,69.95,-0.90,9,1025.88,17.14
1379,2258,38.331194,21.768759,1/3/2025,8:50:11,0.39,69.95,-0.90,9,1025.87,17.21
1380,2259,38.331197,21.768762,1/3/2025,8:50:15,0.39,69.95,-1.40,9,1025.90,17.26
1381,2260,38.331196,21.768762,1/3/2025,8:50:16,0.37,69.95,-1.40,9,1025.93,17.30
1382,2261,38.331196,21.768762,1/3/2025,8:50:16,0.37,69.95,-1.40,9,1025.93,17.33
1383,2262,38.331196,21.768762,1/3/2025,8:50:16,0.37,69.95,-1.40,9,1025.88,17.39
1384,2263,38.331194,21.768758,1/3/2025,8:50:20,0.61,69.95,-1.40,9,1025.94,17.44
1385,2264,38.331195,21.768759,1/3/2025,8:50:21,0.28,69.95,-1.10,8,1025.91,17.47
1386,2265,38.331195,21.768759,1/3/2025,8:50:22,0.28,69.95,-1.10,8,1025.90,17.51
1387,2266,38.331195,21.768759,1/3/2025,8:50:22,0.28,69.95,-1.10,8,1025.91,17.57
1388,2267,38.331195,21.768759,1/3/2025,8:50:22,0.28,69.95,-1.10,8,1025.93,17.61
1389,2268,38.331199,21.768762,1/3/2025,8:50:26,0.85,69.95,-1.10,8,1025.87,17.66
1390,2269,38.331199,21.768764,1/3/2025,8:50:27,0.26,69.95,-0.90,9,1025.88,17.69
1391,2270,38.331199,21.768764,1/3/2025,8:50:27,0.26,69.95,-0.90,9,1025.89,17.74
1392,2271,38.331199,21.768764,1/3/2025,8:50:27,0.26,69.95,-0.90,9,1025.93,17.80
1393,2272,38.331199,21.768764,1/3/2025,8:50:27,0.26,69.95,-0.90,9,1025.90,17.85
1394,2273,38.331198,21.768766,1/3/2025,8:50:32,0.04,69.95,-0.80,8,1025.91,17.89
